No,Short Code,Initial Sites,Co-Located Site Code,Co-Located Site Name,OMC Name,BSC/RNC,Long Code,Area,Zone,Office,Site Type,Site Category,HO / On Air Date,Generator,Generator Serial Number,Site Severity,MSP,VIP
1,0111AL,Initial,,,MONTAZAH-PARC_0111AL,NEWAWAYED02,C3_0111AL_PH02,Alex,Alex,GLEEM,Outdoor Site,Macro,2025-06-01 00:00:00,,,Bronze,Nokia,
2,3237AL,Initial,,,BSHYER-KHER-2,MANSHIA02,C1_3237AL_PH24,Alex,Alex,SEMOUHA,Outdoor Site,Macro,2025-06-01 00:00:00,,,Bronze,Nokia,
3,2754AL,Initial,,,M-ANFOSHI-1,MANSHIA01,C2_2754AL_PH16,Alex,Alex,SEMOUHA,Micro Site,Micro,2025-06-01 00:00:00,,,Bronze,Nokia,
4,0883AL,Initial,,,ENG-CLG,SEMOUHA02,C5_0883AL_PH17,Alex,Alex,GLEEM,Outdoor Site,Macro,2025-06-01 00:00:00,,,Bronze,Nokia,
5,2765AL,Initial,,,M-SIDI-GABER2,SEMOHA_01 (NSN),C3_2765AL_PH17,Alex,Alex,GLEEM,Micro Site,Micro,2025-06-01 00:00:00,,,Bronze,Nokia,
6,0584AL,Initial,,,S_ALLAFEEN-STR_0584AL,NEWAWAYED02,C1_0584AL_PH12,Alex,Alex,SEMOUHA,Outdoor Site,Macro,2025-06-01 00:00:00,,,Golden,Nokia,True
7,0749AL,Initial,,,AWAYED-2,NEWAWAYED02,C6_0749AL_PH14,Alex,Alex,SEMOUHA,Outdoor Site,Macro,2025-06-01 00:00:00,,,Golden,Nokia,True
8,0192AL,Initial,,,GAMILA-BOHERED (replacement),NEWAWAYED01,C4_0192AL_PH03,Alex,Alex,GLEEM,Outdoor Site,Macro,2025-06-01 00:00:00,,,Bronze,Nokia,
9,0886AL,Initial,,,NASR-2,MIAMI01,C2_0886AL_PH17,Alex,Alex,GLEEM,Outdoor Site,Macro,2025-06-01 00:00:00,,,Silver,Nokia,
10,0621AL,Initial,,,IZBET-MUHSEN2,NEWAWAYED01,C6_0621AL_PH12,Alex,Alex,SEMOUHA,Shelter Site,Macro,2025-06-01 00:00:00,,,Silver,Nokia,
11,2645AL,Initial,,,M-AWAYED-3,NEWAWAYED01,C1_2645AL_PH15,Alex,Alex,SEMOUHA,Micro Site,Micro,2025-06-01 00:00:00,,,Bronze,Nokia,
12,0322AL,Initial,,,S_NOUR_0322AL,SEMOUHA02,C2_0322AL_PH06,Alex,Alex,GLEEM,Shelter Site,Macro,2025-06-01 00:00:00,,,Silver,Nokia,
13,0373AL,Initial,8046AL,SHODS BSC,N_SHODS_0373AL,SEMOUHA02,C1_0373AL_PH09,Alex,Alex,GLEEM,Outdoor Site,Macro,2025-06-01 00:00:00,,,Bronze,Nokia,
14,3042AL,Initial,,,SMOUHA-ENT,NEWAWAYED02,C5_3042AL_PH19,Alex,Alex,SEMOUHA,Outdoor Site,Macro,2025-06-01 00:00:00,,,Bronze,Nokia,
15,3126AL,Initial,,,CAMP-SHEZAR-3,SMOUHA01,C1_3126AL_PH22,Alex,Alex,GLEEM,Outdoor Site,Macro,2025-06-01 00:00:00,,,Bronze,Nokia,
16,2728AL,Initial,,,M-KFRABDO-EXIT,SMOUHA01,C1_2728AL_PH15,Alex,Alex,GLEEM,Micro Site,Micro,2025-06-01 00:00:00,,,Bronze,Nokia,
17,0784AL,Initial,,,ABUQIR-ENT,newawayed01,C5_0784AL_PH15,Alex,Alex,GLEEM,Outdoor Site,Macro,2025-06-01 00:00:00,,,Golden,Nokia,True
18,0142AL,Initial,,,ABUQIR-NTH( Replacement ),MAMOURA01,C4_0142AL_PH03,Alex,Alex,GLEEM,Outdoor Site,Macro,2025-06-01 00:00:00,,,Silver,Nokia,
19,0750AL,Initial,,,ALL-IN-ONE,SMOUHA01,C4_0750AL_PH14,Alex,Alex,SEMOUHA,Outdoor Site,Macro,2025-06-01 00:00:00,,,Bronze,Nokia,
20,3164AL,Initial,,,DERESA, SEMOUHA02,C2_3164AL_PH23,Alex,Alex,SEMOUHA,Outdoor Site,Macro,2025-06-01 00:00:00,,,Bronze,Nokia,
21,0424AL,Initial,,,MAMOURA-ENT_0424AL,NEWAWAYED02,C2_0424AL_PH09,Alex,Alex,GLEEM,Outdoor Site,Macro,2025-06-01 00:00:00,,,Silver,Nokia,
22,0392AL,Initial,,,KABO-ALEX,SMOUHA01,C7_0392AL_PH09,Alex,Alex,SEMOUHA,Outdoor Site,Macro,2025-06-01 00:00:00,,,Silver,Nokia,
23,1222AL,Initial,,,I-AUDI-SULTAN,NA,C1_1222AL_PH23,Alex,Alex,GLEEM,Micro Site,Micro,2025-06-01 00:00:00,,,Bronze,Nokia,
24,2859AL,Initial,,,M-AUDI-MIMI,MAMOURA01,C1_2859AL_PH17,Alex,Alex,GLEEM,Micro Site,Micro,2025-06-01 00:00:00,,,Bronze,Nokia,
25,0202AL,Initial,,,ZAITOUN,NA,C5_0202AL_PH03,Alex,Alex,GLEEM,Outdoor Site,Macro,2025-06-01 00:00:00,,,Silver,Nokia,
26,3132AL,Initial,,,AL-MNSHIYA-BAHRY2,MAMOURA01,C1_3132AL_PH22,Alex,Alex,GLEEM,Outdoor Site,Macro,2025-06-01 00:00:00,,,Bronze,Nokia,
27,0217AL,Initial,,,MONTAZA-WST_0217AL,NEWAWAYED02,C4_0217AL_PH03,Alex,Alex,GLEEM,Outdoor Site,Macro,2025-06-01 00:00:00,,,Bronze,Nokia,
28,0592AL,Initial,,,ESHREEN-ST,MAMOURA01,C7_0592AL_PH12,Alex,Alex,GLEEM,Outdoor Site,Macro,2025-06-01 00:00:00,,,Golden,Nokia,True
29,0728AL,Initial,,,SYOF-SHAMAA-3 ,NEWAWAYED01,C5_0728AL_PH14,Alex,Alex,GLEEM,Outdoor Site,Macro,2025-06-01 00:00:00,,,Golden,Nokia,True
30,2735AL,Initial,,,M-ZAKI-2,SEMOUHA02,C3_2735AL_PH16,Alex,Alex,SEMOUHA,Micro Site,Micro,2025-06-01 00:00:00,,,Bronze,Nokia,
31,0611AL,Initial,,,S_ALEX-MODRYAH_0611AL,SMOUHA01,C1_0611AL_PH12,Alex,Alex,SEMOUHA,Shelter Site,Macro,2025-06-01 00:00:00,,,Bronze,Nokia,
32,0627AL,Initial,,,AWAYED-BRDG,NEWAWAYED02,C5_0627AL_PH13,Alex,Alex,SEMOUHA,Outdoor Site,Macro,2025-06-01 00:00:00,,,Golden,Nokia,True
33,0414AL,Initial,,,ALX-SUEZ-RD,SEMOUHA02,C10_0414AL_PH09,Alex,Alex,SEMOUHA,Outdoor Site,Macro,2025-06-01 00:00:00,,,Bronze,Nokia,
34,0386AL,Initial,,,DOWN-TWN-ALEX,ASBSCALS02,C5_0386AL_PH09,Alex,Alex,SEMOUHA,Outdoor Site,Macro,2025-06-01 00:00:00,,,Bronze,Nokia,
35,1137AL,Initial,,,I-KRFABD-CHRCH,SMOUHA01,C1_1137AL_PH18,Alex,Alex,GLEEM,Micro Site,Micro,2025-06-01 00:00:00,,,Bronze,Nokia,
36,0030AL,Initial,2995AL,M-MONTAZAH-AL,S_MONTAZH-AL_0030AL,MAMOURA01,C3_0030AL_PH01,Alex,Alex,GLEEM,Outdoor Site,Macro,2025-06-01 00:00:00,,,Golden,Nokia,
37,0156AL,Initial,,,BESHR-NASR(Replacement),MIAMI01,C4_0156AL_PH03,Alex,Alex,GLEEM,Outdoor Site,Macro,2025-06-01 00:00:00,,,Golden,Nokia,True
38,0441AL,Initial,,,U_ZAHREYA2_0441AL,NEWAWAYED01,C1_0441AL_PH09,Alex,Alex,GLEEM,Outdoor Site,Macro,2025-06-01 00:00:00,,,Bronze,Nokia,
39,0359AL,Initial,,,N_ESAWY_0359AL,MIAMI01,C1_0359AL_PH08,Alex,Alex,GLEEM,Outdoor Site,Macro,2025-06-01 00:00:00,,,Silver,Nokia,
40,0008AL,Initial,,,N_GILEEM1_0008AL,SEMOUHA02,C1_0008AL_PH00,Alex,Alex,GLEEM,Shelter Site,Macro,2025-06-01 00:00:00,,,Golden,Nokia,
41,1147AL,Initial,,,I-ELMADINACOM,SMOUHA01,C1_1147AL_PH18,Alex,Alex,SEMOUHA,Micro Site,Micro,2025-06-01 00:00:00,,,Bronze,Nokia,
42,0223AL,Initial,,,SHARKAWY,MANSHIA02,C5_0223AL_PH03,Alex,Alex,SEMOUHA,Outdoor Site,Macro,2025-06-01 00:00:00,,,Silver,Nokia,
43,0390AL,Initial,,,AGYAD-SMOUHA,SMOUHA01,C4_0390AL_PH09,Alex,Alex,SEMOUHA,Outdoor Site,Macro,2025-06-01 00:00:00,,,Silver,Nokia,
44,0265AL,Initial,8052AL,ROMANIN THEATR BSC,N_ROMANIAN-THEATR_0265AL,MANSHIA01,C7_0265AL_PH03,Alex,Alex,SEMOUHA,Shelter Site,Macro,2025-06-01 00:00:00,,,Golden,Nokia,True
45,0505AL,Initial,,,S_DEEP-MALL_0505AL,SEMOHA_02 (NSN),C1_0505AL_PH9,Alex,Alex,GLEEM,Shelter Site,Macro,2025-06-01 00:00:00,,,Bronze,Nokia,
46,0308AL,Initial,,,MONTAZAH-ENT (Replacement),NEWAWAYED01,C3_0308AL_PH04,Alex,Alex,GLEEM,Outdoor Site,Macro,2025-06-01 00:00:00,,,Bronze,Nokia,
47,2623AL,Initial,,,M-FOAD-2,NA,C4_2623AL_PH14,Alex,Alex,SEMOUHA,Micro Site,Micro,2025-06-01 00:00:00,,,Bronze,Nokia,
48,0127AL,Initial,,,S_15-MAYO-SQR_0127AL,SMOUHA01,C2_0127AL_PH02,Alex,Alex,SEMOUHA,Outdoor Site,Macro,2025-06-01 00:00:00,,,Golden,Nokia,
49,1200AL,Initial,,,I-ZAYAN-MALL,NA,C1_1200AL_PH21,Alex,Alex,SEMOUHA,Micro Site,Micro,2025-06-01 00:00:00,,,Bronze,Nokia,
50,2068AL,Initial,,,S_M-DORAT-MIAMI_2068AL_G000,MIAMI01,C1_2068AL_PH04,Alex,Alex,GLEEM,Micro Site,Micro,2025-06-01 00:00:00,,,Bronze,Nokia,
51,0098AL,Initial,,,S_SHATTBIE_0098AL,SEMOUHA02,C1_0098AL_PH02,Alex,Alex,GLEEM,Outdoor Site,Macro,2025-06-01 00:00:00,,,Silver,Nokia,
52,2838AL,Initial,,,M-RASAFA-4,SEMOUHA02,C1_2838AL_PH17,Alex,Alex,SEMOUHA,Micro Site,Micro,2025-06-01 00:00:00,,,Bronze,Nokia,
53,2829AL,Initial,,,M-SHAMAA-1,AWAYED03,C1_2829AL_PH17,Alex,Alex,GLEEM,Micro Site,Micro,2025-06-01 00:00:00,,,Bronze,Nokia,
54,0100AL,Initial,,,N_SIDIGABER-EST_0100AL,SMOUHA01,C12_0100AL_PH02,Alex,Alex,SEMOUHA,Outdoor Site,Macro,2025-06-01 00:00:00,,,Bronze,Nokia,
55,0315AL,Initial,,,S_VICTORIA-ALEX_0315AL_,MIAMI01,C8_0315AL_PH05,Alex,Alex,GLEEM,Shelter Site,Macro,2025-06-01 00:00:00,,,Golden,Nokia,True
56,0410AL,Initial,,,IBRAHEMIA1,SEMOUHA02,C11_0410AL_PH09,Alex,Alex,GLEEM,Outdoor Site,Macro,2025-06-01 00:00:00,,,Silver,Nokia,
57,0212AL,Initial,,,S_MOBILOR_0212AL,SMOUHA01,C9_0212AL_PH03,Alex,Alex,GLEEM,Shelter Site,Macro,2025-06-01 00:00:00,,,Silver,Nokia,
58,2820AL,Initial,,,M-HADRA-KBLY6,NA,C1_2820AL_PH17,Alex,Alex,SEMOUHA,Micro Site,Micro,2025-06-01 00:00:00,,,Bronze,Nokia,
59,1233AL,Initial,,,I-METRO-SMHA,NA,C2_1233AL_PH25,Alex,Alex,SEMOUHA,Micro Site,Micro,2025-06-01 00:00:00,,,Bronze,Nokia,
60,0734AL,Initial,,,GHOBRIAL-3 ,NEWAWAYED01,C4_0734AL_PH14,Alex,Alex,GLEEM,Outdoor Site,Macro,2025-06-01 00:00:00,,,Golden,Nokia,True
61,0861AL,Initial,,,SMOUHA-3, SMOUHA01,C4_0861AL_PH17,Alex,Alex,SEMOUHA,Outdoor Site,Macro,2025-06-01 00:00:00,,,Bronze,Nokia,
62,0328AL,Initial,,,AWAYED-WST (Replacement),NEWAWAYED02,C5_0328AL_PH06,Alex,Alex,SEMOUHA,Outdoor Site,Macro,2025-06-01 00:00:00,,,Golden,Nokia,True
63,0442AL,Initial,,,S_AWAYED-NTH_0442AL,NEWAWAYED01,C2_0442AL_PH09,Alex,Alex,SEMOUHA,Shelter Site,Macro,2025-06-01 00:00:00,,,Bronze,Nokia,
64,0296AL,Initial,8064AL,SANTO BSC,0641_E_SANTO_0296AL,MAMOURA01,C1_0296AL_PH04,Alex,Alex,GLEEM,Shelter Site,Macro,2025-06-01 00:00:00,,,Golden,Nokia,
65,0849AL,Initial,,,MANDARA-4,MAMOURA01,C3_0849AL_PH17,Alex,Alex,GLEEM,Outdoor Site,Macro,2025-06-01 00:00:00,,,Silver,Nokia,
66,2784AL,Initial,,,M-MANDARA-5,MIAMI01,C1_2784AL_PH17,Alex,Alex,GLEEM,Micro Site,Micro,2025-06-01 00:00:00,,,Bronze,Nokia,
67,0145AL,Initial,,,S_FAROUK_0145AL,SEMOUHA02,C1_0145AL_PH03,Alex,Alex,SEMOUHA,Outdoor Site,Macro,2025-06-01 00:00:00,,,Bronze,Nokia,
68,0411AL,Initial,,,S_IBRAHEMIA2_0411AL,SEMOUHA02,C6_0411AL_PH09,Alex,Alex,GLEEM,Outdoor Site,Macro,2025-06-01 00:00:00,,,Bronze,Nokia,
69,0957AL,Initial,,,TOLIP,SMOUHA01,C1_0957AL_PH02,Alex,Alex,GLEEM,Outdoor Site,Macro,2025-06-01 00:00:00,,,Bronze,Nokia,
70,0478AL,Initial,,,S_DERBALA2_0478AL,MIAMI01,C3_0478AL_PH09,Alex,Alex,GLEEM,Outdoor Site,Macro,2025-06-01 00:00:00,,,Silver,Nokia,
71,0194AL,Initial,,,GIHAN-CLINIC “Replacement”,NEWAWAYED01,C3_0194AL_PH03,Alex,Alex,GLEEM,Outdoor Site,Macro,2025-06-01 00:00:00,,,Silver,Nokia,
72,0357AL,Initial,2989AL,M-SOLIMAN-4,S_ABU-SOLIMAN_ B 0357AL,NEWAWAYED01,C1_0357AL_PH08,Alex,Alex,GLEEM,Shelter Site,Macro,2025-06-01 00:00:00,,,Silver,Nokia,
73,0848AL,Initial,,,GHOBRIAL-5,NEWAWAYED01,C3_0848AL_PH17,Alex,Alex,GLEEM,Outdoor Site,Macro,2025-06-01 00:00:00,,,Golden,Nokia,True
74,0843AL,Initial,,,KORSHD-KBLY,NEWAWAYED02,C3_0843AL_PH17,Alex,Alex,SEMOUHA,Outdoor Site,Macro,2025-06-01 00:00:00,,,Bronze,Nokia,
75,0906AL,Initial,,,LORAN-5,MIAMI01,C1_0906AL_PH17,Alex,Alex,GLEEM,Outdoor Site,Macro,2025-06-01 00:00:00,,,Silver,Nokia,
76,0782DE,Initial,,,G_BH-INT-RD4_0782DE,NEWAWAYED02,C3_0782DE_PH09,Alex,Alex,SEMOUHA,Outdoor Site,Macro,2025-06-01 00:00:00,,,Bronze,Nokia,
77,0466AL,Initial,,,S_ALEX-PORT_0466AL,MANSHIA01,C4_0466AL_PH09,Alex,Alex,SEMOUHA,Outdoor Site,Macro,2025-06-01 00:00:00,,,Silver,Nokia,
78,0399AL,Initial,,,S_BASAL-PST_0399AL,MANSHIA02,C4_0399AL_PH09,Alex,Alex,SEMOUHA,Outdoor Site,Macro,2025-06-01 00:00:00,,,Bronze,Nokia,
79,2742AL,Initial,,,M-MAHAD-3,MAMOURA01,C1_2742AL_PH16,Alex,Alex,GLEEM,Micro Site,Micro,2025-06-01 00:00:00,,,Bronze,Nokia,
80,0583AL,Initial,,,23_S_ ZAHREYA-TOWN_ 0583AL_S000,NEWAWAYED01,C3_0583AL_PH12,Alex,Alex,GLEEM,Outdoor Site,Macro,2025-06-01 00:00:00,,,Golden,Nokia,True
81,0014AL,Initial,,,RASELTIN (Replacement),MANSHIA01,C2_0014AL_PH00,Alex,Alex,GLEEM,Outdoor Site,Macro,2025-06-01 00:00:00,,,Bronze,Nokia,
82,0022AL,Initial,,,BAHERY(Replacement),SEMOUHA02,C6_0022AL_PH01,Alex,Alex,SEMOUHA,Outdoor Site,Macro,2025-06-01 00:00:00,,,Bronze,Nokia,
83,2666AL,Initial,,,M-ZAHREYA-5,NEWAWAYED01,C2_2666AL_PH15,Alex,Alex,GLEEM,Micro Site,Micro,2025-06-01 00:00:00,,,Bronze,Nokia,
84,2618AL,Initial,,,M-MAHAD-1 ,MAMOURA01,C1_2618AL_PH14,Alex,Alex,GLEEM,Micro Site,Micro,2025-06-01 00:00:00,,,Bronze,Nokia,
85,0791AL,Initial,,,SHAMPLEON-ST,SEMOUHA02,C3_0791AL_PH15,Alex,Alex,SEMOUHA,Outdoor Site,Macro,2025-06-01 00:00:00,,,Bronze,Nokia,
86,2814AL,Initial,,,M-IZ-SAD-MRKT,SMOUHA01,C1_2814AL_PH17,Alex,Alex,SEMOUHA,Micro Site,Micro,2025-06-01 00:00:00,,,Bronze,Nokia,
87,0473AL,Initial,,,S_MALAHA-ST_0473AL,MAMOURA01,C2_0473AL_PH09,Alex,Alex,GLEEM,Outdoor Site,Macro,2025-06-01 00:00:00,,,Silver,Nokia,
88,1043AL,Initial,,,I-FTHLA-MNDARA,NA,C1_1043AL_PH09,Alex,Alex,GLEEM,Micro Site,Micro,2025-06-01 00:00:00,,,Bronze,Nokia,
89,1046AL,Initial,,,FATHALLAH IBRAHEMIA,SMOUHA01,C1_1046AL_PH09,Alex,Alex,GLEEM,Micro Site,Micro,2025-06-01 00:00:00,,,Bronze,Nokia,
90,8020AL,Initial,,,A_NASSER_BSS17_11211,SEMOUHA02,C5_8020AL_PH2,Alex,Alex,GLEEM,Shelter Site,Macro,2025-06-01 00:00:00,,,Golden,Nokia,True
91,2723AL,Initial,,,M-ZAHREYA-ST,NA,C6_2723AL_PH15,Alex,Alex,GLEEM,Micro Site,Micro,2025-06-01 00:00:00,,,Bronze,Nokia,
92,0018AL,Initial,,,S_TABIA_0018AL,MIAMI01,C6_0018AL_PH00,Alex,Alex,GLEEM,Outdoor Site,Macro,2025-06-01 00:00:00,,,Bronze,Nokia,
93,0961AL,Initial,,,ASAFRA-4,MIAMI01,C3_0961AL_PH18,Alex,Alex,GLEEM,Outdoor Site,Macro,2025-06-01 00:00:00,,,Bronze,Nokia,
94,2827AL,Initial,,,M-ASAFRA-6,MIAMI01,C2_2827AL_PH17,Alex,Alex,GLEEM,Micro Site,Micro,2025-06-01 00:00:00,,,Bronze,Nokia,
95,2671AL,Initial,,,M-RASAFA-2,NA,C2_2671AL_PH15,Alex,Alex,SEMOUHA,Micro Site,Micro,2025-06-01 00:00:00,,,Bronze,Nokia,
96,0347AL,Initial,,,S_BIBLIOTHECA-AL_0347AL,SEMOUHA02,C1_0347AL_PH07,Alex,Alex,SEMOUHA,Outdoor Site,Macro,2025-06-01 00:00:00,,,Silver,Nokia,
97,1006AL,Initial,,,28_M_INTERNATION_CONFERENCE_DXX,SEMOUHA02,C1_1006AL_PH03,Alex,Alex,SEMOUHA,Micro Site,Micro,2025-06-01 00:00:00,,,Bronze,Nokia,
98,1010AL,Initial,,,41_MICRO_ALEX_LIBRARY2_DXX_S2,SEMOUHA02,C2_1010AL_PH03,Alex,Alex,SEMOUHA,Micro Site,Micro,2025-06-01 00:00:00,,,Bronze,Nokia,
99,0077AL,Initial,8060AL,AIRPORT ROAD BSC,NS_AIRPORT_ROAD,MANSHIA02,C2_0077AL_PH02,Alex,Alex,SEMOUHA,Shelter Site,Macro,2025-06-01 00:00:00,,,Golden,Nokia,True
100,2622AL,Initial,,,M-FOAD-1(Replacement),SEMOUHA02,C4_2622AL_PH14,Alex,Alex,SEMOUHA,Micro Site,Micro,2025-06-01 00:00:00,,,Bronze,Nokia,
101,0950AL,Initial,,,SABA BASHA 2 ,SEMOUHA02,C1_0950AL_PH18,Alex,Alex,GLEEM,Outdoor Site,Macro,2025-06-01 00:00:00,,,Silver,Nokia,
102,0356AL,Initial,,,S_ZANANERY_0356AL,SMOUHA01,C1_0356AL_PH08,Alex,Alex,GLEEM,Outdoor Site,Macro,2025-06-01 00:00:00,,,Silver,Nokia,
103,0358AL,Initial,,,S_HATEM_0358AL,SEMOUHA02,C3_0358AL_PH08,Alex,Alex,GLEEM,Shelter Site,Macro,2025-06-01 00:00:00,,,Bronze,Nokia,
104,2690AL,Initial,,,M-PS-ST-3,SMOUHA01,C3_2690AL_PH15,Alex,Alex,GLEEM,Micro Site,Micro,2025-06-01 00:00:00,,,Bronze,Nokia,
105,2638AL,Initial,,,M-LAGETE-2 (Replacement),SEMOUHA02,C7_2638AL_PH14,Alex,Alex,GLEEM,Micro Site,Micro,2025-06-01 00:00:00,,,Bronze,Nokia,
106,0725AL,Initial,,,IZBET-SEKINA-1,NEWAWAYED02,C8_0725AL_PH14,Alex,Alex,SEMOUHA,Outdoor Site,Macro,2025-06-01 00:00:00,,,Golden,Nokia,True
107,0686AL,Initial,2919AL,M-EZBT-30-3,IZ-TALATIN-3,NEWAWAYED02,C4_0686AL_PH13,Alex,Alex,SEMOUHA,Outdoor Site,Macro,2025-06-01 00:00:00,,,Golden,Nokia,True
108,0259AL,Initial,2987AL,M-FSL-BNK,S_FAYSAL-BANK_0259AL,MAMOURA01,C3_0259AL_PH03,Alex,Alex,GLEEM,Outdoor Site,Macro,2025-06-01 00:00:00,,,Bronze,Nokia,
109,0323AL,Initial,,,S_GREEN-PLAZA_0323AL,NEWAWAYED02,C1_0323AL_PH06,Alex,Alex,SEMOUHA,Outdoor Site,Macro,2025-06-01 00:00:00,,,Silver,Nokia,
110,3195AL,Initial,,,MANSHIA-5,MANSHIA01,C1_3195AL_PH23,Alex,Alex,SEMOUHA,Outdoor Site,Macro,2025-06-01 00:00:00,,,Bronze,Nokia,
111,0890AL,Initial,,,NASR-4,NEWAWAYED01,C5_0890AL_PH17,Alex,Alex,GLEEM,Outdoor Site,Macro,2025-06-01 00:00:00,,,Bronze,Nokia,
112,0147AL,Initial,,,S_AMERICAN-SCH_0147AL,NEWAWAYED01,C3_0147AL_PH03,Alex,Alex,GLEEM,Outdoor Site,Macro,2025-06-01 00:00:00,,,Silver,Nokia,
113,0679AL,Initial,,,BAB-AKHDAR,MANSHIA01,C3_0679AL_PH13,Alex,Alex,SEMOUHA,Outdoor Site,Macro,2025-06-01 00:00:00,,,Bronze,Nokia,
114,0707AL,Initial,,,FACTORIES-2 ,MANSHIA02,C1_0707AL_PH14,Alex,Alex,SEMOUHA,Outdoor Site,Macro,2025-06-01 00:00:00,,,Bronze,Nokia,
115,0594AL,Initial,,,S_HOMIYAT-2_0594AL,SEMOUHA02,C1_0594AL_PH12,Alex,Alex,SEMOUHA,Outdoor Site,Macro,2025-06-01 00:00:00,,,Silver,Nokia,
116,0319AL,Initial,,,S_ISKANDER_0319AL,MIAMI01,C9_0319AL_PH05,Alex,Alex,GLEEM,Outdoor Site,Macro,2025-06-01 00:00:00,,,Bronze,Nokia,
117,0445AL,Initial,,,S_VICTORIA-STH_0445AL,NEWAWAYED01,C2_0445AL_PH09,Alex,Alex,GLEEM,Outdoor Site,Macro,2025-06-01 00:00:00,,,Bronze,Nokia,
118,0693AL,Initial,,,ZOHOR-ST ,NEWAWAYED02,C1_0693AL_PH13,Alex,Alex,SEMOUHA,Outdoor Site,Macro,2025-06-01 00:00:00,,,Bronze,Nokia,
119,0206AL,Initial,,,MAMOURA-WST (Replacement),NEWAWAYED02,C3_0206AL_PH03,Alex,Alex,GLEEM,Outdoor Site,Macro,2025-06-01 00:00:00,,,Bronze,Nokia,
120,2599AL,Initial,,,M-SOLIMAN-ST-1,NEWAWAYED01,C2_2599AL_PH13,Alex,Alex,GLEEM,Micro Site,Micro,2025-06-01 00:00:00,,,Bronze,Nokia,
121,0310AL,Initial,8058AL,SOBHY BSC,SOBHY BSC,NEWAWAYED02,C2_0310AL_PH05,Alex,Alex,SEMOUHA,Shelter Site,Macro,2025-06-01 00:00:00,STB,CD3029B122363 ,Golden,Nokia,True
122,0474AL,Initial,,,S_MANDARA_STH_0474AL,MAMOURA01,C3_0474AL_PH09,Alex,Alex,GLEEM,Outdoor Site,Macro,2025-06-01 00:00:00,,,Bronze,Nokia,
123,2744AL,Initial,,,M-TAHRIR-ST-1,MAMOURA01,C1_2744AL_PH16,Alex,Alex,GLEEM,Micro Site,Micro,2025-06-01 00:00:00,,,Bronze,Nokia,
124,0452AL,Initial,,,S_MIAMI-SBWY-RD2_0452AL,NEWAWAYED02,C1_0452AL_PH09,Alex,Alex,GLEEM,Outdoor Site,Macro,2025-06-01 00:00:00,,,Bronze,Nokia,
125,0448AL,Initial,,,MIAMI-SBWY-RD1,MAMOURA01,C11_0448AL_PH09,Alex,Alex,GLEEM,Outdoor Site,Macro,2025-06-01 00:00:00,,,Bronze,Nokia,
126,2655AL,Initial,,,M-SYOF-4 (Replacement ),NEWAWAYED01,C5_2655AL_PH15,Alex,Alex,GLEEM,Micro Site,Micro,2025-06-01 00:00:00,,,Bronze,Nokia,
127,0862AL,Initial,,,SMOUHA-4,SMOUHA01,C1_0862AL_PH17,Alex,Alex,SEMOUHA,Outdoor Site,Macro,2025-06-01 00:00:00,,,Bronze,Nokia,
128,3244AL,Initial,,,SYOF-SHAMAA-5,NEWAWAYED01,C1_3244AL_PH24,Alex,Alex,GLEEM,Outdoor Site,Macro,2025-06-01 00:00:00,,,Bronze,Nokia,
129,2035AL,Initial,,,M-SORYAH-ST [Replacement],SMOUHA01,C5_2035AL_PH03,Alex,Alex,GLEEM,Micro Site,Micro,2025-06-01 00:00:00,,,Bronze,Nokia,
130,0419AL,Initial,,,S_ST-45-ALEX_0419AL,MIAMI01,C3_0419AL_PH09,Alex,Alex,GLEEM,Outdoor Site,Macro,2025-06-01 00:00:00,,,Silver,Nokia,
131,0182AL,Initial,,,S_ZAHERIA_0182AL,NEWAWAYED01,C1_0182AL_PH03,Alex,Alex,GLEEM,Outdoor Site,Macro,2025-06-01 00:00:00,,,Bronze,Nokia,
132,0518AL,Initial,,,RAMEL-MERY,MIAMI01,C3_0518AL_PH09,Alex,Alex,GLEEM,Outdoor Site,Macro,2025-06-01 00:00:00,,,Bronze,Nokia,
133,0581AL,Initial,,,ASAFRA-TOWN,MIAMI01,C8_0581AL_PH12,Alex,Alex,GLEEM,Outdoor Site,Macro,2025-06-01 00:00:00,,,Golden,Nokia,True
134,2005AL,Initial,,,S_M-EBN-WALID_2005AL_0G00,MAMOURA01,C4_2005AL_PH3,Alex,Alex,GLEEM,Micro Site,Micro,2025-06-01 00:00:00,,,Bronze,Nokia,
135,1189AL,Initial,,,I-LECICO-ALX,NEWAWAYED02,C1_1189AL_PH19,Alex,Alex,SEMOUHA,Micro Site,Micro,2025-06-01 00:00:00,,,Bronze,Nokia,
136,0303AL,Initial,,,WARDIAN-EST,MANSHIA02,C2_0303AL_PH04,Alex,Alex,SEMOUHA,Outdoor Site,Macro,2025-06-01 00:00:00,,,Silver,Nokia,
137,0460AL,Initial,,,G_AL-RING-RD_0460AL,NEWAWAYED02,C1_0460AL_PH09,Alex,Alex,SEMOUHA,Outdoor Site,Macro,2025-06-01 00:00:00,Cont.,DK32037*U573834G,Golden,Nokia,
138,3044AL,Initial,,,AL-RNG-RD-2,NEWAWAYED02,C3_3044AL_PH19,Alex,Alex,SEMOUHA,Outdoor Site,Macro,2025-06-01 00:00:00,,,Bronze,Nokia,
139,2875AL,Initial,,,M-POWER-ALEX,NA,C1_2875AL_PH18,Alex,Alex,SEMOUHA,Micro Site,Micro,2025-06-01 00:00:00,,,Bronze,Nokia,
140,0512AL,Initial,,,G_WARDIAN-STH_0512AL,MANSHIA02,C1_0512AL_PH09,Alex,Alex,SEMOUHA,Shelter Site,Macro,2025-06-01 00:00:00,STB,CD3029B158441,Golden,Nokia,True
141,0260AL,Initial,,,ICL (Replacement),SMOUHA01,C2_0260AL_PH03,Alex,Alex,SEMOUHA,Outdoor Site,Macro,2025-06-01 00:00:00,,,Golden,Nokia,True
142,0191AL,Initial,,,S_GALAL-HAMMAD_0191AL,MIAMI01,C7_0191AL_PH03,Alex,Alex,GLEEM,Outdoor Site,Macro,2025-06-01 00:00:00,,,Bronze,Nokia,
143,0673AL,Initial,,,SIDIBISHR-3,ASBSCALW01,C8_0673AL_PH13,Alex,Alex,GLEEM,Outdoor Site,Macro,2025-06-01 00:00:00,,,Bronze,Nokia,
144,3193AL,Initial,,,INT-RD-5,NEWAWAYED01,C1_3193AL_PH23,Alex,Alex,GLEEM,Outdoor Site,Macro,2025-06-01 00:00:00,,,Bronze,Nokia,
145,0855AL,Initial,,,BOKLA-2,SEMOUHA02,C1_0855AL_PH17,Alex,Alex,GLEEM,Outdoor Site,Macro,2025-06-01 00:00:00,,,Bronze,Nokia,
146,3173AL,Initial,,,GHOBRIAL-8,Miami01,C1_3173AL_PH23,Alex,Alex,GLEEM,Outdoor Site,Macro,2025-06-01 00:00:00,,,Bronze,Nokia,
147,2896AL,Initial,,,M-AGYAL,SMOUHA01,C1_2896AL_PH18,Alex,Alex,GLEEM,Micro Site,Micro,2025-06-01 00:00:00,,,Bronze,Nokia,
148,2828AL,Initial,,,M-ASAFRA-7,MIAMI01,C3_2828AL_PH17,Alex,Alex,GLEEM,Micro Site,Micro,2025-06-01 00:00:00,,,Bronze,Nokia,
149,0923AL,Initial,,,WARDIAN-4,MANSHIA02,C4_0923AL_PH18,Alex,Alex,SEMOUHA,Outdoor Site,Macro,2025-06-01 00:00:00,,,Golden,Nokia,True
150,0114AL,Initial,2996AL,M-NABI-DANIAL,S_NABI-DANIAL_0114AL,MANSHIA01,C2_0114AL_PH02,Alex,Alex,SEMOUHA,Outdoor Site,Macro,2025-06-01 00:00:00,,,Silver,Nokia,
151,0454DE,Initial,,,G_BH-INT-RD3_0454DE,NEWAWAYED02,C1_0454DE_PH06,Alex,Alex,SEMOUHA,Outdoor Site,Macro,2025-06-01 00:00:00,Cont.,Not cleared,Golden,Nokia,True
152,0413AL,Initial,7230AL,NEWAWAYED01/02 BSCs,AWAYED-EXCH (Replacement),NEWAWAYED01,C2_0413AL_PH09,Alex,Alex,SEMOUHA,Outdoor Site,Macro,2025-06-01 00:00:00,,,Golden,Nokia,True
153,3050AL,Initial,,,DRGHM-RSDNS,SEMOUHA02,C3_3050AL_PH19,Alex,Alex,SEMOUHA,Outdoor Site,Macro,2025-06-01 00:00:00,,,Bronze,Nokia,
154,1179AL,Initial,,,I-MOBNIL-AWYD,NEWAWAYED01,C1_1179AL_PH19,Alex,Alex,SEMOUHA,Micro Site,Micro,2025-06-01 00:00:00,,,Bronze,Nokia,
155,0431AL,Initial,,,IZBIT FALAKY 1,NEWAWAYED01,C8_0431AL_PH09,Alex,Alex,SEMOUHA,Shelter Site,Macro,2025-06-01 00:00:00,,,Golden,Nokia,True
156,0678AL,Initial,,,LABBAN-2,MANSHIA02,C1_0678AL_PH13,Alex,Alex,SEMOUHA,Outdoor Site,Macro,2025-06-01 00:00:00,,,Golden,Nokia,
157,0907AL,Initial,,,LABBAN-3,MANSHIA01,C1_0907AL_PH17,Alex,Alex,SEMOUHA,Outdoor Site,Macro,2025-06-01 00:00:00,,,Bronze,Nokia,
158,0095AL,Initial,,,WABOUR-MIYAH(Replacement),SEMOUHA02,C5_0095AL_PH02,Alex,Alex,SEMOUHA,Outdoor Site,Macro,2025-06-01 00:00:00,,,Bronze,Nokia,
159,0001AL,Initial,,,5_S_ABUQIR_0001AL_SS00,NEWAWAYED02,0001AL,Alex,Alex,GLEEM,Shelter Site,Macro,2025-06-01 00:00:00,,,Golden,Nokia,
160,0433AL,Initial,,,S_BANAYOTY-TRAIN_0433AL,NEWAWAYED02,C4_0433AL_PH09,Alex,Alex,SEMOUHA,Shelter Site,Macro,2025-06-01 00:00:00,,,Golden,Nokia,True
161,2698AL,Initial,,,M-HADRA-KBLY2,SMOUHA01,C1_2698AL_PH15,Alex,Alex,SEMOUHA,Micro Site,Micro,2025-06-01 00:00:00,,,Bronze,Nokia,
162,0658AL,Initial,,,MANSHIA-3,MANSHIA01,C3_0658AL_PH13,Alex,Alex,SEMOUHA,Outdoor Site,Macro,2025-06-01 00:00:00,,,Bronze,Nokia,
163,0770AL,Initial,,,IZBT-FALAKY-5,NEWAWAYED01,C5_0770AL_PH15,Alex,Alex,SEMOUHA,Outdoor Site,Macro,2025-06-01 00:00:00,,,Golden,Nokia,True
164,0981AL,Initial,2647AL,M-AWAYED-5,IZBET-MUHSEN-3,NEWAWAYED01,C1_0981AL_PH18,Alex,Alex,SEMOUHA,Outdoor Site,Macro,2025-06-01 00:00:00,,,Bronze,Nokia,
165,0572AL,Initial,,,GREN-PLAZA-RES,NEWAWAYED02,C12_0572AL_PH12,Alex,Alex,SEMOUHA,Outdoor Site,Macro,2025-06-01 00:00:00,,,Silver,Nokia,
166,0779AL,Initial,,,RAS-SODA-3,MIAMI01,C3_0779AL_PH15,Alex,Alex,GLEEM,Outdoor Site,Macro,2025-06-01 00:00:00,,,Golden,Nokia,True
167,0361AL,Initial,8043AL,SIDIBISHR-EST BSC,N_SIDIBISHR-EST_0361AL,MIAMI01,C1_0361AL_PH08,Alex,Alex,GLEEM,Shelter Site,Macro,2025-06-01 00:00:00,,,Silver,Nokia,
168,0161AL,Initial,,,CLEOPATRA-AL,SMOUHA01,C3_0161AL_PH03,Alex,Alex,GLEEM,Outdoor Site,Macro,2025-06-01 00:00:00,,,Bronze,Nokia,
169,0470AL,Initial,,,S_ESHREEN_0470AL,NEWAWAYED02,C2_0470AL_PH09,Alex,Alex,GLEEM,Shelter Site,Macro,2025-06-01 00:00:00,,,Silver,Nokia,
170,0316AL,Initial,,,N_SOUQ_0316AL,NEWAWAYED01,C3_0316AL_PH05,Alex,Alex,GLEEM,Shelter Site,Macro,2025-06-01 00:00:00,,,Silver,Nokia,
171,0864AL,Initial,,,ZEZINIA-3,SEMOUHA02,C5_0864AL_PH17,Alex,Alex,GLEEM,Outdoor Site,Macro,2025-06-01 00:00:00,,,Bronze,Nokia,
172,3130AL,Initial,,,GLDN-JWL-HTL,SMOUHA01,C1_3130AL_PH22,Alex,Alex,GLEEM,Outdoor Site,Macro,2025-06-01 00:00:00,,,Bronze,Nokia,
173,2628AL,Initial,,,M-CD-GABER-STN,SEMOHA_01 (NSN),C1_2628AL_PH14,Alex,Alex,SEMOUHA,Micro Site,Micro,2025-06-01 00:00:00,,,Bronze,Nokia,
174,3356AL,Initial,,,NEW-SAWARY2,SMOUHA02,C1_3356AL_PH25,Alex,Alex,SEMOUHA,Outdoor Site,Macro,2025-06-01 00:00:00,,,Bronze,Nokia,
175,3357AL,Initial,,,NEW-SAWARY3,SMOUHA02,C1_3357AL_PH25,Alex,Alex,SEMOUHA,Outdoor Site,Macro,2025-06-01 00:00:00,,,Bronze,Nokia,
176,2893AL,Initial,,,M-RASAFA-6,SEMOUHA02,C1_2893AL_PH18,Alex,Alex,SEMOUHA,Micro Site,Micro,2025-06-01 00:00:00,,,Bronze,Nokia,
177,2A53AL,Initial,,,M-ALEXCOMPLEX,NA,C1_2A53AL_PH22,Alex,Alex,SEMOUHA,Micro Site,Micro,2025-06-01 00:00:00,,,Bronze,Nokia,
178,0914AL,Initial,,,ALX-ENT-2,SEMOUHA02,C1_0914AL_PH18,Alex,Alex,SEMOUHA,Outdoor Site,Macro,2025-06-01 00:00:00,,,Bronze,Nokia,
179,2694AL,Initial,,,M-HADRA-2,SEMOUHA02,C3_2694AL_PH15,Alex,Alex,SEMOUHA,Micro Site,Micro,2025-06-01 00:00:00,,,Bronze,Nokia,
180,3041AL,Initial,,,WEKALA-2,SEMOUHA02,C4_3041AL_PH19,Alex,Alex,SEMOUHA,Outdoor Site,Macro,2025-06-01 00:00:00,,,Bronze,Nokia,
181,0009AL,Initial,,,KFR-ABDO(Replacement),SMOUHA01,C2_0009AL_PH00,Alex,Alex,GLEEM,Outdoor Site,Macro,2025-06-01 00:00:00,,,Silver,Nokia,
182,1213AL,Initial,,,I-QNP-KFRABDO,NA,C1_1213AL_PH22,Alex,Alex,GLEEM,Micro Site,Micro,2025-06-01 00:00:00,,,Bronze,Nokia,
183,0167AL,Initial,,,N_AMAL-AL_0167AL,SEMOUHA02,C7_0167AL_PH03,Alex,Alex,SEMOUHA,Shelter Site,Macro,2025-06-01 00:00:00,,,Silver,Nokia,
184,3142AL,Initial,,,IZBT-QALAA,NEWAWAYED02,C2_3142AL_PH22,Alex,Alex,SEMOUHA,Outdoor Site,Macro,2025-06-01 00:00:00,Cont.,CD3029B048467,Silver,Nokia,
185,2A65AL,Initial,,,M-MIAMI-FRNCHS,NA,C1_2A65AL_PH25,Alex,Alex,GLEEM,Micro Site,Micro,2025-06-01 00:00:00,,,Bronze,Nokia,
186,0420AL,Initial,,,S_SIDIBISHER2_0420AL,MIAMI01,C3_0420AL_PH09,Alex,Alex,GLEEM,Outdoor Site,Macro,2025-06-01 00:00:00,,,Bronze,Nokia,
187,0318AL,Initial,,,N_MOHARAM-TRAM_0318AL,SEMOUHA02,C6_0318AL_PH05,Alex,Alex,SEMOUHA,Outdoor Site,Macro,2025-06-01 00:00:00,,,Golden,Nokia,True
188,3145AL,Initial,,,POLICE-TOWERS,SEMOUHA02,C1_3145AL_PH22,Alex,Alex,SEMOUHA,Outdoor Site,Macro,2025-06-01 00:00:00,,,Bronze,Nokia,
189,2062AL,Initial,,,M-MESBAH,NA,C6_2062AL_PH04,Alex,Alex,GLEEM,Micro Site,Micro,2025-06-01 00:00:00,,,Bronze,Nokia,
190,0174AL,Initial,,,S_MAGLESS_0174AL,SEMOUHA02,C4_0174AL_PH03,Alex,Alex,GLEEM,Shelter Site,Macro,2025-06-01 00:00:00,,,Bronze,Nokia,
191,2051AL,Initial,,,M-MOTOR-CYCLE,MIAMI01,C3_2051AL_PH04,Alex,Alex,GLEEM,Micro Site,Micro,2025-06-01 00:00:00,,,Bronze,Nokia,
192,3036AL,Initial,,,GHOBRIAL-7,NEWAWAYED01,C3_3036AL_PH19,Alex,Alex,GLEEM,Outdoor Site,Macro,2025-06-01 00:00:00,,,Golden,Nokia,True
193,0011AL,Initial,,,MERCURE,SEMOUHA02,C3_0011AL_PH00,Alex,Alex,GLEEM,Outdoor Site,Macro,2025-06-01 00:00:00,,,Silver,Nokia,
194,0440AL,Initial,,,FLEMMING 2 (Replacement),SEMOUHA02,C12_0440AL_PH09,Alex,Alex,GLEEM,Outdoor Site,Macro,2025-06-01 00:00:00,,,Bronze,Nokia,
195,0261AL,Initial,,,S_HORRIYA_0261AL,SEMOUHA02,C6_0261AL_PH03,Alex,Alex,GLEEM,Outdoor Site,Macro,2025-06-01 00:00:00,,,Silver,Nokia,
196,0301AL,Initial,,,S_MANDRA-CORNISH_0301AL,MAMOURA01,C2_0301AL_PH04,Alex,Alex,GLEEM,Shelter Site,Macro,2025-06-01 00:00:00,,,Silver,Nokia,
197,0348AL,Initial,,,N_SARAH_0348AL,MIAMI01,C1_0348AL_PH07,Alex,Alex,GLEEM,Shelter Site,Macro,2025-06-01 00:00:00,,,Silver,Nokia,
198,0589AL,Initial,,,BAKOS-BALAD-2,NEWAWAYED01,C8_0589AL_PH12,Alex,Alex,GLEEM,Outdoor Site,Macro,2025-06-01 00:00:00,,,Golden,Nokia,True
199,0181AL,Initial,,,S_ZAEM_0181AL,MIAMI01,C1_0181AL_PH03,Alex,Alex,GLEEM,Outdoor Site,Macro,2025-06-01 00:00:00,,,Silver,Nokia,
200,2715AL,Initial,,,M-WARDIAN-4,MANSHIA02,C5_2715AL_PH15,Alex,Alex,SEMOUHA,Micro Site,Micro,2025-06-01 00:00:00,,,Bronze,Nokia,
201,0366AL,Initial,,,WARDIAN-KBLY,MANSHIA02,C16_0366AL_PH09,Alex,Alex,SEMOUHA,Outdoor Site,Macro,2025-06-01 00:00:00,,,Bronze,Nokia,
202,4949DE,Initial,,,BH-ABIS-3,ASBSCALW01,C1_4949DE_PH25,Alex,Alex,SEMOUHA,Outdoor Site,Macro,2025-06-01 00:00:00,,,Bronze,Nokia,
203,0502AL,Initial,,,S_BH-SABAGH-BADA_0502AL,NEWAWAYED02,C1_0502AL_PH09,Alex,Alex,SEMOUHA,Outdoor Site,Macro,2025-06-01 00:00:00,,,Bronze,Nokia,
204,2716AL,Initial,,,M-WARDIAN-5,MANSHIA02,C2_2716AL_PH15,Alex,Alex,SEMOUHA,Micro Site,Micro,2025-06-01 00:00:00,,,Bronze,Nokia,
205,0842AL,Initial,,,HARAS-HUDOOD-2,MANSHIA02,C1_0842AL_PH17,Alex,Alex,SEMOUHA,Outdoor Site,Macro,2025-06-01 00:00:00,,,Bronze,Nokia,
206,0089AL,Initial,,,ANFOUSHI(replacement),MANSHIA01,C3_0089AL_PH02,Alex,Alex,SEMOUHA,Outdoor Site,Macro,2025-06-01 00:00:00,,,Silver,Nokia,
207,0092AL,Initial,,,N_SOOK-GOMAH_0092AL,MANSHIA02,C2_0092AL_PH02,Alex,Alex,SEMOUHA,Outdoor Site,Macro,2025-06-01 00:00:00,,,Silver,Nokia,
208,0657AL,Initial,,,GOMROK-2,MANSHIA01,C1_0657AL_PH13,Alex,Alex,SEMOUHA,Outdoor Site,Macro,2025-06-01 00:00:00,,,Silver,Nokia,
209,2877AL,Initial,,,M-POPE-ALEX,MANSHIA01,C1_2877AL_PH18,Alex,Alex,SEMOUHA,Micro Site,Micro,2025-06-01 00:00:00,,,Bronze,Nokia,
210,0205AL,Initial,,,19_S_MAMOURA-STH_0205AL_00S0,MAMOURA01,C3_0205AL_PH03,Alex,Alex,GLEEM,Outdoor Site,Macro,2025-06-01 00:00:00,,,Golden,Nokia,True
211,0332AL,Initial,,,S_MENNA_0332AL,SEMOUHA02,C1_0332AL_PH07,Alex,Alex,GLEEM,Outdoor Site,Macro,2025-06-01 00:00:00,,,Bronze,Nokia,
212,7075AL,Initial,,,"Mohamed Abbas 1, 2 BSC",MIAMI01,C1_7075AL_PH10,Alex,Alex,GLEEM,Shelter Site,Macro,2025-06-01 00:00:00,,,Silver,Nokia,
213,0033AL,Initial,,,S_STANLY_0033AL,SMOUHA01,C5_0033AL_PH01,Alex,Alex,GLEEM,Outdoor Site,Macro,2025-06-01 00:00:00,,,Silver,Nokia,
214,0379AL,Initial,,,1471_B_ABUQIR-RASHID_0379AL,MAMOURA01,C9_0379AL_PH09,Alex,Alex,GLEEM,Outdoor Site,Macro,2025-06-01 00:00:00,,,Silver,Nokia,
215,0626AL,Initial,,,NASR-MSQ,MAMOURA01,C7_0626AL_PH12,Alex,Alex,GLEEM,Outdoor Site,Macro,2025-06-01 00:00:00,,,Golden,Nokia,True
216,3131AL,Initial,,,TOUSON-3,NEWAWAYED01,C1_3131AL_PH22,Alex,Alex,GLEEM,Outdoor Site,Macro,2025-06-01 00:00:00,,,Golden,Nokia,True
217,0949AL,Initial,,,GIHAN-SQR,MIAMI01,C1_0949AL_PH18,Alex,Alex,GLEEM,Outdoor Site,Macro,2025-06-01 00:00:00,,,Silver,Nokia,
218,0468AL,Initial,,,ZEZINIA2,SEMOUHA02,C6_0468AL_PH09,Alex,Alex,GLEEM,Outdoor Site,Macro,2025-06-01 00:00:00,,,Silver,Nokia,
219,0759AL,Initial,,,KARMOZ-3,MANSHIA01,C5_0759AL_PH14,Alex,Alex,SEMOUHA,Outdoor Site,Macro,2025-06-01 00:00:00,,,Bronze,Nokia,
220,0193AL,Initial,8048AL,GHEIT-INAB BSC,N_GHEIT-INAB_0193AL,MANSHIA02,C7_0193AL_PH03,Alex,Alex,SEMOUHA,Shelter Site,Macro,2025-06-01 00:00:00,,,Golden,Nokia,True
221,2747AL,Initial,,,M-ENAB-ENT,MANSHIA02,C1_2747AL_PH16,Alex,Alex,SEMOUHA,Micro Site,Micro,2025-06-01 00:00:00,,,Bronze,Nokia,
222,0515AL,Initial,,,S_MOHARAMBEK-BDG_0515AL,SEMOUHA02,C4_0515AL_PH09,Alex,Alex,SEMOUHA,Outdoor Site,Macro,2025-06-01 00:00:00,,,Bronze,Nokia,
223,0297AL,Initial,,,S_MANDARAH-KBLY_0297AL,MAMOURA01,C1_0297AL_PH04,Alex,Alex,GLEEM,Outdoor Site,Macro,2025-06-01 00:00:00,,,Bronze,Nokia,
224,0578AL,Initial,,,SALAH EL DEEN ,NEWAWAYED01,C2_0578AL_PH12,Alex,Alex,GLEEM,Outdoor Site,Macro,2025-06-01 00:00:00,,,Bronze,Nokia,
225,0450AL,Initial,,,G_BANTAKOUSH_0450AL,NEWAWAYED02,C1_0450AL_PH09,Alex,Alex,SEMOUHA,Outdoor Site,Macro,2025-06-01 00:00:00,,,Golden,Nokia,True
226,0777AL,Initial,,,BKUP-EZBT-30,NEWAWAYED02,C2_0777AL_PH15,Alex,Alex,SEMOUHA,Outdoor Site,Macro,2025-06-01 00:00:00,,,Golden,Nokia,True
227,0170AL,Initial,,,S_ASAFRA_0170AL,MIAMI01,C1_0170AL_PH03,Alex,Alex,GLEEM,Outdoor Site,Macro,2025-06-01 00:00:00,,,Bronze,Nokia,
228,3236AL,Initial,,,MOHARAM-BEK-8,MANSHIA02,C1_3236AL_PH24,Alex,Alex,SEMOUHA,Outdoor Site,Macro,2025-06-01 00:00:00,,,Bronze,Nokia,
229,0600AL,Initial,,,OBOUR-HOUSING,MAMOURA01,C4_0600AL_PH12,Alex,Alex,GLEEM,Outdoor Site,Macro,2025-06-01 00:00:00,,,Golden,Nokia,True
230,2625AL,Initial,,,M-AHMED-ST ,MANSHIA01 NSN,C1_2625AL_PH14,Alex,Alex,GLEEM,Micro Site,Micro,2025-06-01 00:00:00,,,Bronze,Nokia,
231,0398AL,Initial,,,ASAFRA-YACOUB ( Replacement ),MIAMI01,C13_0398AL_PH09,Alex,Alex,GLEEM,Outdoor Site,Macro,2025-06-01 00:00:00,,,Silver,Nokia,
232,2600AL,Initial,,,M-SOLIMAN-ST-2 ,NEWAWAYED01,C1_2600AL_PH13,Alex,Alex,GLEEM,Micro Site,Micro,2025-06-01 00:00:00,,,Bronze,Nokia,
233,0400AL,Initial,,,NAGDA-BAB-SHRK (Replacement ),SEMOUH02,C2_0400AL_PH09,Alex,Alex,GLEEM,Outdoor Site,Macro,2025-06-01 00:00:00,,,Bronze,Nokia,
234,0456AL,Initial,,,Petroleum Complex,MANSHIA02,C3_0456AL_PH09,Alex,Alex,SEMOUHA,Outdoor Site,Macro,2025-06-01 00:00:00,HGB,CD3029B150212,Silver,Nokia,
235,2681AL,Initial,,,M-GAMAL-6,MAMOURA01,C4_2681AL_PH15,Alex,Alex,GLEEM,Micro Site,Micro,2025-06-01 00:00:00,,,Bronze,Nokia,
236,0706AL,Initial,,,MONTAZA-NTH_0706AL,NEWAWAYED02,C5_0706AL_PH13,Alex,Alex,GLEEM,Outdoor Site,Macro,2025-06-01 00:00:00,,,Silver,Nokia,
237,0795AL,Initial,2734AL,M-ZAKI-1,SMOUHA-2,SMOUHA01,C4_0795AL_PH15,Alex,Alex,SEMOUHA,Outdoor Site,Macro,2025-06-01 00:00:00,,,Golden,Nokia,True
238,0687AL,Initial,,,IZ-TALATIN-4,NEWAWAYED02,C4_0687AL_PH13,Alex,Alex,SEMOUHA,Outdoor Site,Macro,2025-06-01 00:00:00,,,Golden,Nokia,True
239,2679AL,Initial,,,M-GAMAL-4,NA,C1_2679AL_PH15,Alex,Alex,GLEEM,Micro Site,Micro,2025-06-01 00:00:00,,,Bronze,Nokia,
240,0224AL,Initial,8028AL,SAMEH-NDL,SHEDEED(Replacement),SMOUHA01,C6_0224AL_PH3,Alex,Alex,GLEEM,Outdoor Site,Macro,2025-06-01 00:00:00,,,Golden,Nokia,True
241,0786AL,Initial,2793AL,M-PS-ST4,SPORTING-2,SMOUHA01,C1_0786AL_PH15,Alex,Alex,GLEEM,Outdoor Site,Macro,2025-06-01 00:00:00,,,Silver,Nokia,
242,0221AL,Initial,,,S_SEKINA_0221AL,MANSHIA01,C4_0221AL_PH03,Alex,Alex,SEMOUHA,Shelter Site,Macro,2025-06-01 00:00:00,,,Silver,Nokia,
243,0112AL,Initial,8047AL,AWAYED-RD BSC,A_AWAYED-ROAD_BSS,NEWAWAYED02,8047AL,Alex,Alex,SEMOUHA,Shelter Site,Macro,2025-06-01 00:00:00,,,Silver,Nokia,
244,2969AL,Initial,,,M-SMOUHA-8,NA,C1_2969AL_PH19,Alex,Alex,SEMOUHA,Micro Site,Micro,2025-06-01 00:00:00,,,Bronze,Nokia,
245,0602AL,Initial,,,S_ABIS-2_0602AL,NEWAWAYED02,C3_0602AL_PH12,Alex,Alex,SEMOUHA,Outdoor Site,Macro,2025-06-01 00:00:00,,,Golden,Nokia,True
246,0393AL,Initial,,,S_MOHRAMBEK-CTR_0393AL,MANSHIA02,C8_0393AL_PH09,Alex,Alex,SEMOUHA,Shelter Site,Macro,2025-06-01 00:00:00,,,Bronze,Nokia,
247,7084AL,Initial,,,MOHARAM_NODAL,SMOUHA01,C1_7084AL_PH14,Alex,Alex,SEMOUHA,Shelter Site,Macro,2025-06-01 00:00:00,,,Golden,Nokia,True
248,0013AL,Initial,,,RLW-TRANS (Replacement ),MANSHIA02,C2_0013AL_PH00,Alex,Alex,SEMOUHA,Shelter Site,Macro,2025-06-01 00:00:00,,,Golden,Nokia,True
249,0753AL,Initial,,,TAMIR-AXIS-3,MANSHIA02,C2_0753AL_PH14,Alex,Alex,SEMOUHA,Outdoor Site,Macro,2025-06-01 00:00:00,,,Bronze,Nokia,
250,0160AL,Initial,,,BOKLA,SMOUHA01,C5_0160AL_PH03,Alex,Alex,GLEEM,Outdoor Site,Macro,2025-06-01 00:00:00,,,Golden,Nokia,
251,0097AL,Initial,,,AL-MOSTAFA-KAMEL,SMOUHA01,C10_0097AL_PH02,Alex,Alex,GLEEM,Outdoor Site,Macro,2025-06-01 00:00:00,,,Bronze,Nokia,
252,0329AL,Initial,2920AL,M-BISHR-NTH,S_SIDIBISHER-NTH_0329AL,MIAMI01,C4_0329AL_PH07,Alex,Alex,GLEEM,Outdoor Site,Macro,2025-06-01 00:00:00,,,Silver,Nokia,
253,3605AL,Initial,7092AL,EL-ESSAWY-NODAL,SIDIBISHR-5G,AWAYED 3 NSN,C1_7092AL_PH5,Alex,Alex,GLEEM,Shelter Site,Macro,2025-06-01 00:00:00,,,Golden,Nokia,True
254,2661AL,Initial,,,M-CLOCK-SQR2,NA,C5_2661AL_PH15,Alex,Alex,GLEEM,Micro Site,Micro,2025-06-01 00:00:00,,,Bronze,Nokia,
255,0027AL,Initial,,,S_LORAN1_0027AL,MIAMI01,C2_0027AL_PH01,Alex,Alex,GLEEM,Outdoor Site,Macro,2025-06-01 00:00:00,,,Silver,Nokia,
256,1035AL,Initial,,,S_FR-I-SEASON-AL_1035AL_,SEMOUHA02,C1_1035AL_PH09,Alex,Alex,GLEEM,Micro Site,Micro,2025-06-01 00:00:00,,,Bronze,Nokia,
257,1037AL,Initial,,,S_I-SANSTFNO-RSD_1037AL,SEMOUHA02,C1_1037AL_PH09,Alex,Alex,GLEEM,Micro Site,Micro,2025-06-01 00:00:00,,,Bronze,Nokia,
258,0481AL,Initial,,,MUHAGREEN,NEWAWAYED01,C3_0481AL_PH09,Alex,Alex,SEMOUHA,Outdoor Site,Macro,2025-06-01 00:00:00,,,Golden,Nokia,True
259,2703AL,Initial,,,M-SOTAR,SEMOUHA02,C1_2703AL_PH15,Alex,Alex,SEMOUHA,Micro Site,Micro,2025-06-01 00:00:00,,,Bronze,Nokia,
260,0412AL,Initial,,,S_MAHATET-RAML_0412AL,MANSHIA01,C1_0412AL_PH09,Alex,Alex,SEMOUHA,Outdoor Site,Macro,2025-06-01 00:00:00,,,Bronze,Nokia,
261,0582AL,Initial,,, MALAK-HEFNY-2,MIAMI01,C6_0582AL_PH12,Alex,Alex,GLEEM,Outdoor Site,Macro,2025-06-01 00:00:00,,,Silver,Nokia,
262,0374AL,Initial,,,S_AZARITA_0374AL,SEMOUHA02,C2_0374AL_PH09,Alex,Alex,SEMOUHA,Outdoor Site,Macro,2025-06-01 00:00:00,,,Bronze,Nokia,
263,1038AL,Initial,,,S_I-SANSTFNO-STH_1038AL,SEMOUHA02,C1_1038AL_PH09,Alex,Alex,GLEEM,Micro Site,Micro,2025-06-01 00:00:00,,,Bronze,Nokia,
264,0856AL,Initial,,,FLEMMING-3,SEMOUHA02,C5_0856AL_PH17,Alex,Alex,GLEEM,Outdoor Site,Macro,2025-06-01 00:00:00,,,Silver,Nokia,
265,7112AL,Initial,,,3000_N_SANSTEFANO _7112AL,SEMOUHA02,7112AL,Alex,Alex,GLEEM,Shelter Site,Macro,2025-06-01 00:00:00,,,Silver,Nokia,
266,0087AL,Initial,,,TERSANA,MANSHIA02,C6_0087AL_PH02,Alex,Alex,SEMOUHA,Outdoor Site,Macro,2025-06-01 00:00:00,,,Bronze,Nokia,
267,0741AL,Initial,,,WARDIAN-2,MANSHIA02,C1_0741AL_PH14,Alex,Alex,SEMOUHA,Outdoor Site,Macro,2025-06-01 00:00:00,,,Golden,Nokia,True
268,2A28AL,Initial,,,M-JOTUN-ALX,NA,C1_2A28AL_PH20,Alex,Alex,SEMOUHA,Micro Site,Micro,2025-06-01 00:00:00,,,Bronze,Nokia,
269,1030AL,Initial,1030AL,I-SAN-STEFANO (Ground),N_I-SAN-STEFANO_1030AL(Thirty_Floor-A),SEMOUHA02,C1_1030AL_PH07,Alex,Alex,GLEEM,Shelter Site,Macro,2025-06-01 00:00:00,,,Golden,Nokia,True
270,0751AL,Initial,,,WEKALA,SEMOUHA02,C8_0751AL_PH14,Alex,Alex,SEMOUHA,Outdoor Site,Macro,2025-06-01 00:00:00,,,Bronze,Nokia,
271,0184AL,Initial,,,HARAS-HUDOOD,MANSHIA02,C9_0184AL_PH03,Alex,Alex,SEMOUHA,Outdoor Site,Macro,2025-06-01 00:00:00,,,Silver,Nokia,
272,0845AL,Initial,,,EZBT-NASR,NEWAWAYED01,C4_0845AL_PH17,Alex,Alex,SEMOUHA,Outdoor Site,Macro,2025-06-01 00:00:00,,,Bronze,Nokia,
273,0814AL,Initial,,,HOOD-10,NEWAWAYED02,C3_0814AL_PH16,Alex,Alex,SEMOUHA,Outdoor Site,Macro,2025-06-01 00:00:00,,,Golden,Nokia,True
274,1160AL,Initial,,,CITY-LIGHT-MALL,NA,C1_1160AL_PH18,Alex,Alex,GLEEM,Micro Site,Micro,2025-06-01 00:00:00,,,Bronze,Nokia,
275,0104AL,Initial,,,S_ZIZINIA_0104AL,SEMOUHA02,C5_0104AL_PH02,Alex,Alex,GLEEM,Outdoor Site,Macro,2025-06-01 00:00:00,,,Silver,Nokia,
276,0227AL,Initial,1217AL,I-SFYA-ZGL-MLL,ZAGHLOOL,MANSHIA01,C7_0227AL_PH03,Alex,Alex,SEMOUHA,Outdoor Site,Macro,2025-06-01 00:00:00,,,Silver,Nokia,
277,0517AL,Initial,,,EZZAH-ST,NEWAWAYED01,C9_0517AL_PH09,Alex,Alex,GLEEM,Outdoor Site,Macro,2025-06-01 00:00:00,,,Golden,Nokia,True
278,2689AL,Initial,,,M-MALAK-HEFNY4,MAMOURA01,C1_2689AL_PH15,Alex,Alex,GLEEM,Micro Site,Micro,2025-06-01 00:00:00,,,Bronze,Nokia,
279,0783DE,Initial,,,G_INT-RD2_0783DE,NEWAWAYED02,C1_0783DE_PH09,Alex,Alex,SEMOUHA,Shelter Site,Macro,2025-06-01 00:00:00,,,Golden,Nokia,
280,3133AL,Initial,,,NOWATIA-2,NEWAWYED02,C1_3133AL_PH22,Alex,Alex,SEMOUHA,Outdoor Site,Macro,2025-06-01 00:00:00,,,Golden,Nokia,True
281,2003AL,Initial,,,M-ASRAB,MIAMI01,C3_2003AL_PH03,Alex,Alex,GLEEM,Micro Site,Micro,2025-06-01 00:00:00,,,Bronze,Nokia,
282,0099AL,Initial,,,S_NEFERTITI_0099AL,SMOUHA01,C5_0099AL_PH02,Alex,Alex,GLEEM,Shelter Site,Macro,2025-06-01 00:00:00,,,Bronze,Nokia,
283,0603AL,Initial,,,EZBET-RYAD,NA,C7_0603AL_PH12,Alex,Alex,SEMOUHA,Outdoor Site,Macro,2025-06-01 00:00:00,,,Silver,Nokia,
284,2688AL,Initial,,,M-MALAK-HEFNY3,MAMOURA01,C1_2688AL_PH15,Alex,Alex,GLEEM,Micro Site,Micro,2025-06-01 00:00:00,,,Bronze,Nokia,
285,2999AL,Initial,,,M-SMOUHA-9,SMOUHA01,C1_2999AL_PH19,Alex,Alex,SEMOUHA,Micro Site,Micro,2025-06-01 00:00:00,,,Bronze,Nokia,
286,8019AL,Initial,8019AL,MALAHA BSC,A_MALAHA_BSS12_11111,MAMOURA01,C2_0819AL_PH3,Alex,Alex,GLEEM,Shelter Site,Macro,2025-06-01 00:00:00,,,Silver,Nokia,
287,0792AL,Initial,,,KARMOZ-4,MANSHIA01,C3_0792AL_PH15,Alex,Alex,SEMOUHA,Outdoor Site,Macro,2025-06-01 00:00:00,,,Silver,Nokia,
288,2612AL,Initial,,,M-ZOHOR-2,SMOUHA01,C3_2612AL_PH14,Alex,Alex,SEMOUHA,Micro Site,Micro,2025-06-01 00:00:00,,,Bronze,Nokia,
289,0432AL,Initial,,,IZBIT FALAKY 2,NEWAWAYED01,C8_0432AL_PH09,Alex,Alex,SEMOUHA,Outdoor Site,Macro,2025-06-01 00:00:00,,,Bronze,Nokia,
290,0415AL,Initial,,,S_LABBAN-ALEX_0415AL,MANSHIA01,C7_0415AL_PH09,Alex,Alex,SEMOUHA,Shelter Site,Macro,2025-06-01 00:00:00,,,Silver,Nokia,
291,0028AL,Initial,2985AL,M-LORAN-2,S_LORAN2_0028AL,MIAMI01,C2_0028AL_PH01,Alex,Alex,GLEEM,Shelter Site,Macro,2025-06-01 00:00:00,,,Golden,Nokia,True
292,2687AL,Initial,,,M-EISAWY-2,AWAYED 3 NSN,C1_2687AL_PH15,Alex,Alex,GLEEM,Micro Site,Micro,2025-06-01 00:00:00,,,Bronze,Nokia,
293,2633AL,Initial,,,M-ZERBANA,NA,C2_2633AL_PH14,Alex,Alex,GLEEM,Micro Site,Micro,2025-06-01 00:00:00,,,Bronze,Nokia,
294,2613AL,Initial,,,M-BAKOS-3,NEWAWAYED01,C1_2613AL_PH14,Alex,Alex,GLEEM,Micro Site,Micro,2025-06-01 00:00:00,,,Bronze,Nokia,
295,0106AL,Initial,8027AL,SIDIBISHR KBLY BSC,S_SIDIBISHR-KBLY_0106AL,MIAMI01,C1_0106AL_PH02,Alex,Alex,GLEEM,Shelter Site,Macro,2025-06-01 00:00:00,,,Bronze,Nokia,
296,0151AL,Initial,2994AL,M-ARMY-COURT,S_ARMY-COURT_0151AL,MIAMI01,C10_0151AL_PH03,Alex,Alex,GLEEM,Outdoor Site,Macro,2025-06-01 00:00:00,,,Silver,Nokia,
297,2791AL,Initial,,,M-SABA-2,NA,C3_2791AL_PH17,Alex,Alex,GLEEM,Micro Site,Micro,2025-06-01 00:00:00,,,Bronze,Nokia,
298,0225AL,Initial,,,S_SPORTING_CLUB_0225AL,SMOUHA01,C5_0225AL_PH03,Alex,Alex,GLEEM,Outdoor Site,Macro,2025-06-01 00:00:00,,,Bronze,Nokia,
299,0462AL,Initial,,,HADARA-KBLY,SMOUHA01,C5_0462AL_PH09,Alex,Alex,SEMOUHA,Outdoor Site,Macro,2025-06-01 00:00:00,,,Golden,Nokia,True
300,0096AL,Initial,,,N_MANSHIA2_0096AL,MANSHIA01,C1_0096AL_PH02,Alex,Alex,SEMOUHA,Outdoor Site,Macro,2025-06-01 00:00:00,,,Silver,Nokia,
301,0371AL,Initial,,,S_WARDIAN-SHARQ_0371AL,MANSHIA02,C1_0371AL_PH09,Alex,Alex,SEMOUHA,Shelter Site,Macro,2025-06-01 00:00:00,,,Golden,Nokia,True
302,0690AL,Initial,,,IZ-500,NEWAWAYED02,C7_0690AL_PH13,Alex,Alex,SEMOUHA,Outdoor Site,Macro,2025-06-01 00:00:00,,,Golden,Nokia,True
303,1020AL,Initial,,,S_I-FTHALA-SMOHA_1020AL_G000,SMOUHA01,C2_1020AL_PH04,Alex,Alex,SEMOUHA,Micro Site,Micro,2025-06-01 00:00:00,,,Bronze,Nokia,
304,0694AL,Initial,,,KARMOZ,MANSHIA02,C5_0694AL_PH13,Alex,Alex,SEMOUHA,Outdoor Site,Macro,2025-06-01 00:00:00,,,Golden,Nokia,True
305,0203AL,Initial,,,MAHMODIA (Replacement),SEMOUHA02,C4_0203AL_PH03,Alex,Alex,SEMOUHA,Outdoor Site,Macro,2025-06-01 00:00:00,,,Bronze,Nokia,
306,0746AL,Initial,,,HADRA-KBLY-3,SMOUHA01,C1_0746AL_PH14,Alex,Alex,SEMOUHA,Shelter Site,Macro,2025-06-01 00:00:00,,,Silver,Nokia,
307,0876AL,Initial,,,SOLIK-2,NEWAWAYED02,C2_0876AL_PH17,Alex,Alex,SEMOUHA,Outdoor Site,Macro,2025-06-01 00:00:00,,,Bronze,Nokia,
308,0656AL,Initial,,,GHIT-ENAB-2,SEMOUHA02,C7_0656AL_PH13,Alex,Alex,SEMOUHA,Outdoor Site,Macro,2025-06-01 00:00:00,,,Golden,Nokia,True
309,0922AL,Initial,,,MOHARAM-BEK-6,SEMOUHA02,C4_0922AL_PH18,Alex,Alex,SEMOUHA,Outdoor Site,Macro,2025-06-01 00:00:00,,,Bronze,Nokia,
310,2A16AL,Initial,,,M-SPRT-CLB-1,NA,C1_2A16AL_PH19,Alex,Alex,GLEEM,Micro Site,Micro,2025-06-01 00:00:00,,,Bronze,Nokia,
311,2A15AL,Initial,,,M-SPRT-CLB-2,NA,C1_2A15AL_PH19,Alex,Alex,GLEEM,Micro Site,Micro,2025-06-01 00:00:00,,,Bronze,Nokia,
312,0004AL,Initial,,,S_CAMPSHEZAR_0004AL,SMOUHA01,C1_0004AL_PH00,Alex,Alex,GLEEM,Outdoor Site,Macro,2025-06-01 00:00:00,,,Bronze,Nokia,
313,0927AL,Initial,,,SIDIGABER-2,SEMOUHA01,C5_0927AL_PH18,Alex,Alex,GLEEM,Outdoor Site,Macro,2025-06-01 00:00:00,,,Silver,Nokia,
314,0010AL,Initial,8101AL,MAMOURA01,MAMOURA,MAMOURA01,C1_8101AL_PH15,Alex,Alex,GLEEM,Shelter Site,Macro,2025-06-01 00:00:00,,,Golden,Nokia,
315,0695AL,Initial,,,KARMOZ-2,MANSHIA02,C2_0695AL_PH14,Alex,Alex,SEMOUHA,Outdoor Site,Macro,2025-06-01 00:00:00,,,Golden,Nokia,True
316,0738AL,Initial,,,MOHARAM-BEK-3,SEMOUHA02,C3_0738AL_PH14,Alex,Alex,SEMOUHA,Outdoor Site,Macro,2025-06-01 00:00:00,,,Silver,Nokia,
317,3225AL,Initial,,,MANSHIA-8,MANSHIA01,C1_3225AL_PH24,Alex,Alex,SEMOUHA,Outdoor Site,Macro,2025-06-01 00:00:00,,,Bronze,Nokia,
318,0453AL,Initial,2685AL,M-IBN-WALID2,S_IBN-WALEED-ST_0453AL,MIAMI01,C1_0453AL_PH09,Alex,Alex,GLEEM,Shelter Site,Macro,2025-06-01 00:00:00,,,Silver,Nokia,
319,0928AL,Initial,,,TALATEEN-ST3,MAMOURA01,C4_0928AL_PH18,Alex,Alex,GLEEM,Outdoor Site,Macro,2025-06-01 00:00:00,,,Golden,Nokia,True
320,0722AL,Initial,,,LATIN-DST,MANSHIA01,C1_0722AL_PH14,Alex,Alex,GLEEM,Outdoor Site,Macro,2025-06-01 00:00:00,,,Bronze,Nokia,
321,0790AL,Initial,,,SPORTING-3,SMOUHA01,C1_0790AL_PH15,Alex,Alex,GLEEM,Outdoor Site,Macro,2025-06-01 00:00:00,,,Silver,Nokia,
322,0007AL,Initial,,,S_MAX_0007AL,MANSHIA02,C1_0007AL_PH00,Alex,Alex,SEMOUHA,Shelter Site,Macro,2025-06-01 00:00:00,,,Silver,Nokia,
323,0929AL,Initial,,,MUHAGREEN-2, NEWAWAYED02,C3_0929AL_PH18,Alex,Alex,SEMOUHA,Outdoor Site,Macro,2025-06-01 00:00:00,,,Bronze,Nokia,
324,0672AL,Initial,,,ABIS 4 ,NEWAWAYED02,C1_0672AL_PH13,Alex,Alex,SEMOUHA,Outdoor Site,Macro,2025-06-01 00:00:00,,,Bronze,Nokia,
325,0591AL,Initial,,,GHOBRIAL-2(Replacement),NEWAWAYED01,C10_0591AL_PH12,Alex,Alex,GLEEM,Outdoor Site,Macro,2025-06-01 00:00:00,,,Silver,Nokia,
326,0021AL,Initial,,,S_BASHARK_0021AL,SEMOUHA02,C1_0021AL_PH01,Alex,Alex,SEMOUHA,Outdoor Site,Macro,2025-06-01 00:00:00,,,Bronze,Nokia,
327,0210AL,Initial,,,MRGHANI-PALACE,SMOUHA02,C2_0210AL_PH03,Alex,Alex,GLEEM,Outdoor Site,Macro,2025-06-01 00:00:00,,,Bronze,Nokia,
328,0031AL,Initial,,,S_PS-RD_0031AL,SEMOUHA02,C3_0031AL_PH01,Alex,Alex,GLEEM,Outdoor Site,Macro,2025-06-01 00:00:00,,,Bronze,Nokia,
329,0436AL,Initial,,,S_WARDIAN-ST_0436AL,MANSHIA02,C4_0436AL_PH09,Alex,Alex,SEMOUHA,Outdoor Site,Macro,2025-06-01 00:00:00,,,Golden,Nokia,True
330,0732AL,Initial,,,MANDARA-3,MAMOURA01,C4_0732AL_PH14,Alex,Alex,GLEEM,Outdoor Site,Macro,2025-06-01 00:00:00,,,Silver,Nokia,
331,2620AL,Initial,,,M-MOSHIR-ST,SMOUHA01,C4_2620AL_PH14,Alex,Alex,GLEEM,Micro Site,Micro,2025-06-01 00:00:00,,,Bronze,Nokia,
332,0689AL,Initial,,,ABU-QIR-PORT,NEWAWAYED02,C9_0689AL_PH13,Alex,Alex,GLEEM,Outdoor Site,Macro,2025-06-01 00:00:00,,,Bronze,Nokia,
333,0176AL,Initial,,,NAQLI (Replacement),MAMOURA01,C4_0176AL_PH03,Alex,Alex,GLEEM,Outdoor Site,Macro,2025-06-01 00:00:00,,,Silver,Nokia,
334,0354AL,Initial,8049AL,ASMEDA,0171_E_ASMEDA_0354AL,MAMOURA01,C2_0354AL_PH08,Alex,Alex,GLEEM,Shelter Site,Macro,2025-06-01 00:00:00,,,Golden,Nokia,True
335,0164AL,Initial,2990AL,M-DERBALA-5,DERBALAH(Replacement),MIAMI01,C3_0164AL_PH03,Alex,Alex,GLEEM,Outdoor Site,Macro,2025-06-01 00:00:00,,,Golden,Nokia,True
336,0519AL,Initial,,,SYOUF-AWAYED,NEWAWAYED01,C10_0519AL_PH09,Alex,Alex,GLEEM,Outdoor Site,Macro,2025-06-01 00:00:00,,,Golden,Nokia,
337,0954AL,Initial,,,IZBT-FALAKY-8,NEWAWAYED01,C5_0954AL_PH18,Alex,Alex,GLEEM,Outdoor Site,Macro,2025-06-01 00:00:00,,,Bronze,Nokia,
338,0458AL,Initial,,,U_WENGAT_0458AL,SEMOUHA02,C1_0458AL_PH09,Alex,Alex,GLEEM,Outdoor Site,Macro,2025-06-01 00:00:00,,,Silver,Nokia,
339,0650AL,Initial,8070AL,AUTO BSC,A_Auto_Exch_BSC01,MANSHIA01,C1_0650AL_PH13,Alex,Alex,SEMOUHA,Shelter Site,Macro,2025-06-01 00:00:00,,,Silver,Nokia,
340,7239AL,Initial,,,7239AL_ KARMOZ EXCH,Manshia,7239AL,Alex,Alex,SEMOUHA,Outdoor Site,Macro,2025-06-01 00:00:00,,,Silver,Nokia,
341,2023AL,Initial,,,S_M-YEHYA_2023AL_0G00,MANSHIA01,C2_2023AL_PH03,Alex,Alex,SEMOUHA,Micro Site,Micro,2025-06-01 00:00:00,,,Bronze,Nokia,
342,0798AL,Initial,,,AWAYED-3,NEWAWAYED02,C6_0798AL_PH15,Alex,Alex,SEMOUHA,Outdoor Site,Macro,2025-06-01 00:00:00,,,Bronze,Nokia,
343,0130AL,Initial,,,14TH-MAY(Replacement),SMOUHA01,C6_0130AL_PH03,Alex,Alex,SEMOUHA,Outdoor Site,Macro,2025-06-01 00:00:00,,,Golden,Nokia,True
344,3216AL,Initial,,,HADRA-KBLY-6,SMOUHA01,C1_3216AL_PH24,Alex,Alex,SEMOUHA,Outdoor Site,Macro,2025-06-01 00:00:00,,,Bronze,Nokia,
345,0015AL,Initial,,,N_SEMOHA_0015AL,SMOUHA01,C1_0015AL_PH00,Alex,Alex,SEMOUHA,Shelter Site,Macro,2025-06-01 00:00:00,,,Silver,Nokia,
346,3245AL,Initial,,,SYOF-SHAMAA-6,NEWAWAYED01,C3_3245AL_PH24,Alex,Alex,GLEEM,Outdoor Site,Macro,2025-06-01 00:00:00,,,Bronze,Nokia,
347,0138AL,Initial,,,A_ABD-RAHMAN_0138AL,SEMOUHA02,C9_0138AL_PH03,Alex,Alex,GLEEM,Shelter Site,Macro,2025-06-01 00:00:00,,,Silver,Nokia,
348,0101AL,Initial,,,SORYAH,SMOUHA01,C21_0101AL_PH02,Alex,Alex,GLEEM,Outdoor Site,Macro,2025-06-01 00:00:00,,,Silver,Nokia,
349,0425AL,Initial,0425AL,N_ABU-HAIF_0425AL,N_ABU-HAIF_0425AL,MIAMI01,C1_0425AL_PH09,Alex,Alex,GLEEM,Shelter Site,Macro,2025-06-01 00:00:00,,,Golden,Nokia,
350,0724AL,Initial,,,IZBT-SEKINA-2,NEWAWAYED02 ,C6_0724AL_PH14,Alex,Alex,SEMOUHA,Outdoor Site,Macro,2025-06-01 00:00:00,,,Bronze,Nokia,
351,2641AL,Initial,,,M-STAINLEY,SEMOUHA02,C3_2641AL_PH14,Alex,Alex,GLEEM,Micro Site,Micro,2025-06-01 00:00:00,,,Bronze,Nokia,
352,0113AL,Initial,,,S_MOHARAMBEK2_0113AL,SEMOUHA02,C3_0113AL_PH02,Alex,Alex,SEMOUHA,Outdoor Site,Macro,2025-06-01 00:00:00,,,Bronze,Nokia,
353,0394AL,Initial,,,S_HADRA-CTR_0394AL,SMOUHA01,C1_0394AL_PH09,Alex,Alex,SEMOUHA,Shelter Site,Macro,2025-06-01 00:00:00,,,Silver,Nokia,
354,3027AL,Initial,,,SPRTING-CLB3,NA,C1_3027AL_PH19,Alex,Alex,GLEEM,Outdoor Site,Macro,2025-06-01 00:00:00,,,Silver,Nokia,
355,0382AL,Initial,8022AL,SOUK EL SAMAK BSC,S_GEHAD_0382AL_S000,MANSHIA01,C1_0382AL_PH09,Alex,Alex,SEMOUHA,Shelter Site,Macro,2025-06-01 00:00:00,,,Bronze,Nokia,
356,2610AL,Initial,,,M-WARDIAN-MRKT(Replacement),MANSHIA02,C4_2610AL_PH14,Alex,Alex,SEMOUHA,Micro Site,Micro,2025-06-01 00:00:00,,,Bronze,Nokia,
357,0580AL,Initial,,,EBN-SINA-SCH ,NEWAWAYED01,C6_0580AL_PH12,Alex,Alex,GLEEM,Outdoor Site,Macro,2025-06-01 00:00:00,,,Silver,Nokia,
358,2054AL,Initial,,,M-LEROI ( Replacement),MIAMI01,C2_2054AL_PH04,Alex,Alex,GLEEM,Micro Site,Micro,2025-06-01 00:00:00,,,Bronze,Nokia,
359,0141AL,Initial,,,N_ABU-BAKR_0141AL,MIAMI01,C4_0141AL_PH03,Alex,Alex,GLEEM,Outdoor Site,Macro,2025-06-01 00:00:00,,,Silver,Nokia,
360,0735AL,Initial,,,MNSHIYA-BAHRY,MAMOURA01,C5_0735AL_PH14,Alex,Alex,GLEEM,Outdoor Site,Macro,2025-06-01 00:00:00,,,Golden,Nokia,True
361,0090AL,Initial,,,24_S_BAHARIAH_0090AL_GGG0,MAMOURA01,C10_0090AL_PH02,Alex,Alex,GLEEM,Shelter Site,Macro,2025-06-01 00:00:00,,,Silver,Nokia,
362,2955AL,Initial,,,M-MNDRA-SHOP,NA,C2_2955AL_PH18,Alex,Alex,GLEEM,Micro Site,Micro,2025-06-01 00:00:00,,,Bronze,Nokia,
363,0326AL,Initial,,,S_NAMOS-BRIDGE_0326AL,NEWAWAYED02,C1_0326AL_PH06,Alex,Alex,SEMOUHA,Shelter Site,Macro,2025-06-01 00:00:00,,,Silver,Nokia,
364,0251AL,Initial,,,N_MILK-COMPANY_0251AL,NEWAWAYED02,C2_0251AL_PH03,Alex,Alex,SEMOUHA,Outdoor Site,Macro,2025-06-01 00:00:00,,,Bronze,Nokia,
365,0669AL,Initial,,,ABIS10,NEWAWAYED02,C1_0669AL_PH13,Alex,Alex,SEMOUHA,Outdoor Site,Macro,2025-06-01 00:00:00,,,Bronze,Nokia,
366,0599AL,Initial,,,DERBALA-TRAM,MIAMI01,C2_0599AL_PH12,Alex,Alex,GLEEM,Outdoor Site,Macro,2025-06-01 00:00:00,,,Golden,Nokia,True
367,3118AL,Initial,,,BANAYOTI-2,NEWAWAYED02,C1_3118AL_PH22,Alex,Alex,SEMOUHA,Outdoor Site,Macro,2025-06-01 00:00:00,,,Bronze,Nokia,
368,0745AL,Initial,,,HADRA-KBLY-2,SEMOUHA01,C5_0745AL_PH14,Alex,Alex,SEMOUHA,Outdoor Site,Macro,2025-06-01 00:00:00,Cont.,CD3029B150739,Bronze,Nokia,
369,0012AL,Initial,,,N_MoharamBK_0012AL,SEMOUHA02,C1_0012AL_PH00,Alex,Alex,SEMOUHA,Outdoor Site,Macro,2025-06-01 00:00:00,,,Bronze,Nokia,
370,0267AL,Initial,,,SEMOHA-CLUB (Replacement),SMOUHA01,C13_0267AL_PH03,Alex,Alex,GLEEM,Shelter Site,Macro,2025-06-01 00:00:00,,,Golden,Nokia,True
371,0103AL,Initial,,,GHOBRIAL(replacement),NEWAWAYED01,C3_0103AL_PH02,Alex,Alex,GLEEM,Outdoor Site,Macro,2025-06-01 00:00:00,,,Golden,Nokia,True
372,0586AL,Initial,,,22_S_ELZAHERIA-3_0586AL_0SS0,NEWAWAYED01,C1_0586AL_PH12,Alex,Alex,GLEEM,Outdoor Site,Macro,2025-06-01 00:00:00,,,Bronze,Nokia,
373,0747AL,Initial,,,HADRA-2, SMOUHA01,C6_0747AL_PH14,Alex,Alex,SEMOUHA,Outdoor Site,Macro,2025-06-01 00:00:00,,,Bronze,Nokia,
374,0857AL,Initial,,,RASAFA-2,SMOUHA02,C3_0857AL_PH17,Alex,Alex,SEMOUHA,Outdoor Site,Macro,2025-06-01 00:00:00,Cont.,CD3029B150173,Bronze,Nokia,
375,0252AL,Initial,,,N_INT-PARK_0252AL,SEMOUHA02,C5_0252AL_PH03,Alex,Alex,SEMOUHA,Outdoor Site,Macro,2025-06-01 00:00:00,,,Bronze,Nokia,
376,0659AL,Initial,,,HADRA-STH,SEMOUHA02,C6_0659AL_PH13,Alex,Alex,SEMOUHA,Outdoor Site,Macro,2025-06-01 00:00:00,,,Bronze,Nokia,
377,1060AL,Initial,,,I-EXT-CAREFOUR,SEMOUHA02,C1_1060AL_PH13,Alex,Alex,SEMOUHA,Micro Site,Micro,2025-06-01 00:00:00,,,Bronze,Nokia,
378,0437AL,Initial,,,RAS-TEENCORNSH,MANSHIA01,C5_0437AL_PH09,Alex,Alex,SEMOUHA,Outdoor Site,Macro,2025-06-01 00:00:00,,,Silver,Nokia,
379,3223AL,Initial,,,MANSHIA-6,MANSHIA01,C1_3223AL_PH24,Alex,Alex,SEMOUHA,Outdoor Site,Macro,2025-06-01 00:00:00,,,Bronze,Nokia,
380,0093AL,Initial,,,WEKALET-LEMON(replacement),MANSHIA01,C10_0093AL_PH02,Alex,Alex,SEMOUHA,Shelter Site,Macro,2025-06-01 00:00:00,,,Silver,Nokia,
381,0615AL,Initial,,,NZHA-TERMIANL,NEWAWAYED02,C3_0615AL_PH12,Alex,Alex,SEMOUHA,Outdoor Site,Macro,2025-06-01 00:00:00,,,Bronze,Nokia,
382,0189AL,Initial,,,S_FOUAD_0189AL,SMOUHA01,C8_0189AL_PH03,Alex,Alex,GLEEM,Outdoor Site,Macro,2025-06-01 00:00:00,,,Silver,Nokia,
383,0088AL,Initial,,,S_ATARIN_0088AL,MANSHIA01,C2_0088AL_PH02,Alex,Alex,SEMOUHA,Outdoor Site,Macro,2025-06-01 00:00:00,,,Bronze,Nokia,
384,0812AL,Initial,,,ANTONIADS-PARK,NEWAWAYED02,C2_0812AL_PH16,Alex,Alex,SEMOUHA,Outdoor Site,Macro,2025-06-01 00:00:00,,,Bronze,Nokia,
385,0401AL,Initial,,,GEHT-ENB-HOUSE,MANSHIA02,C15_0401AL_PH09,Alex,Alex,SEMOUHA,Outdoor Site,Macro,2025-06-01 00:00:00,,,Bronze,Nokia,
386,2922AL,Initial,,,M-IBN-WALID-3,MIAMI01,C1_2922AL_PH18,Alex,Alex,GLEEM,Micro Site,Micro,2025-06-01 00:00:00,,,Bronze,Nokia,
387,1041AL,Initial,,,FATHALLA JANAKLEES,SEMOUHA02,C1_1041AL_PH09,Alex,Alex,GLEEM,Micro Site,Micro,2025-06-01 00:00:00,,,Bronze,Nokia,
388,0757AL,Initial,,,MALAHA-2,MAMOURA01,C2_0757AL_PH14,Alex,Alex,GLEEM,Outdoor Site,Macro,2025-06-01 00:00:00,,,Bronze,Nokia,
389,0017AL,Initial,,,N_SIDIGABER_0017AL,SMOUHA01,C2_0017AL_PH00,Alex,Alex,GLEEM,Shelter Site,Macro,2025-06-01 00:00:00,,,Silver,Nokia,
390,0736AL,Initial,,,ZAHRAA-ASAFRA,MAMOURA01,C3_0736AL_PH14,Alex,Alex,GLEEM,Outdoor Site,Macro,2025-06-01 00:00:00,,,Silver,Nokia,
391,0109AL,Initial,,,MANDARAH2 (Replacement),MAMOURA01,C2_0109AL_PH02,Alex,Alex,GLEEM,Outdoor Site,Macro,2025-06-01 00:00:00,,,Silver,Nokia,
392,0155AL,Initial,,,S_BEN-RABAH_0155AL,NEWAWAYED01,C3_0155AL_PH03,Alex,Alex,GLEEM,Outdoor Site,Macro,2025-06-01 00:00:00,,,Silver,Nokia,
393,0032AL,Initial,2916AL,M-SPORTING,S_SPORTING_0032AL,SMOUHA01,C5_0032AL_PH01,Alex,Alex,GLEEM,Outdoor Site,Macro,2025-06-01 00:00:00,,,Silver,Nokia,
394,0331AL,Initial,,,S_SEIF_0331AL,MIAMI01,C1_0331AL_PH07,Alex,Alex,GLEEM,Outdoor Site,Macro,2025-06-01 00:00:00,,,Bronze,Nokia,
395,2700AL,Initial,,,M-PS-ST-2,SMOUHA01,C1_2700AL_PH15,Alex,Alex,GLEEM,Micro Site,Micro,2025-06-01 00:00:00,,,Bronze,Nokia,
396,0884AL,Initial,,,ASAFRA-KBLY-3,NEWAWAYED01,C8_0884AL_PH17,Alex,Alex,GLEEM,Outdoor Site,Macro,2025-06-01 00:00:00,,,Golden,Nokia,True
397,0102AL,Initial,,,FLEMMING,SEMOUHA02,C5_0102AL_PH02,Alex,Alex,GLEEM,Outdoor Site,Macro,2025-06-01 00:00:00,,,Bronze,Nokia,
398,0416AL,Initial,,,S_AMOD-SAWARY_0416AL,MANSHIA02,C1_0416AL_PH09,Alex,Alex,SEMOUHA,Outdoor Site,Macro,2025-06-01 00:00:00,,,Silver,Nokia,
399,2730AL,Initial,,,M-MERCEDES-ALX,NEWAWAYED02,C1_2730AL_PH15,Alex,Alex,SEMOUHA,Micro Site,Micro,2025-06-01 00:00:00,,,Bronze,Nokia,
400,2836AL,Initial,,,M-MHRMBEKCTR2,NA,C3_2836AL_PH17,Alex,Alex,SEMOUHA,Micro Site,Micro,2025-06-01 00:00:00,,,Bronze,Nokia,
401,0180AL,Initial,,,S_WARDIAN_0180AL,MANSHIA02,C1_0180AL_PH03,Alex,Alex,SEMOUHA,Outdoor Site,Macro,2025-06-01 00:00:00,,,Golden,Nokia,True
402,1025AL,Initial,,,S_I-MARRIOTT-ALEX_1025AL_G000,MIAMI01,C1_1025AL_PH07,Alex,Alex,GLEEM,Micro Site,Micro,2025-06-01 00:00:00,,,Bronze,Nokia,
403,2018AL,Initial,,,S_M-MIAMI_2018AL_G000,MIAMI01,C1_2018AL_PH03,Alex,Alex,GLEEM,Micro Site,Micro,2025-06-01 00:00:00,,,Bronze,Nokia,
404,0731AL,Initial,,,LECICO-KHRSHD,NEWAWAYED02,C13_0731AL_PH14,Alex,Alex,SEMOUHA,Outdoor Site,Macro,2025-06-01 00:00:00,,,Golden,Nokia,True
405,0389AL,Initial,,,S_LECICO-ALEX_0389AL,NEWAWAYED02,C2_0389AL_PH09,Alex,Alex,SEMOUHA,Shelter Site,Macro,2025-06-01 00:00:00,,,Golden,Nokia,
406,3358AL,Initial,,,MONTAZAH-WST-2_3358AL,NEWAWAYED02,C1_3358AL_PH2,Alex,Alex,GLEEM,Outdoor Site,Macro,2025-06-01 00:00:00,,,Bronze,Nokia,
407,0620AL,Initial,,,IZBET-MUHSEN,NEWAWAYED01,C1_0620AL_PH12,Alex,Alex,SEMOUHA,Shelter Site,Macro,2025-06-01 00:00:00,,,Bronze,Nokia,
408,1016AL,Initial,,,I-ROSHDY-SHP(Replacement),NA,C3_1016AL_PH04,Alex,Alex,GLEEM,Micro Site,Micro,2025-06-01 00:00:00,,,Bronze,Nokia,
409,0702AL,Initial,,,BAHARIA-CLG,NEWAWAYED01,C3_0702AL_PH13,Alex,Alex,GLEEM,Outdoor Site,Macro,2025-06-01 00:00:00,,,Golden,Nokia,True
410,2741AL,Initial,,,M-KARMOZ-5,NA,C2_2741AL_PH16,Alex,Alex,SEMOUHA,Micro Site,Micro,2025-06-01 00:00:00,,,Bronze,Nokia,
411,2644AL,Initial,,,M-AWAYED-2,NEWAWAYED01,C2_2644AL_PH15,Alex,Alex,SEMOUHA,Micro Site,Micro,2025-06-01 00:00:00,,,Bronze,Nokia,
412,0298AL,Initial,2915AL,M-NASR-WST,N_NASR-WST_0298AL,MIAMI01,C7_0298AL_PH04,Alex,Alex,GLEEM,Outdoor Site,Macro,2025-06-01 00:00:00,,,Silver,Nokia,
413,0469AL,Initial,,,BAKOS,NEWAWAYED01,C2_0469AL_PH09,Alex,Alex,GLEEM,Outdoor Site,Macro,2025-06-01 00:00:00,,,Golden,Nokia,True
414,1036AL,Initial,,,Mansour Alex,NEWAWAYED02,C1_1036AL_PH09,Alex,Alex,SEMOUHA,Micro Site,Micro,2025-06-01 00:00:00,,,Bronze,Nokia,
415,0187AL,Initial,8099AL,FISH FARM BSC,N_FISH-FARM_0187AL,NEWAWAYED02,C3_0187AL_PH03,Alex,Alex,SEMOUHA,Shelter Site,Macro,2025-06-01 00:00:00,,,Golden,Nokia,
416,0960AL,Initial,,,TOUSON-2,MAMOURA01,C3_0960AL_PH18,Alex,Alex,GLEEM,Outdoor Site,Macro,2025-06-01 00:00:00,,,Bronze,Nokia,
417,3019AL,Initial,,,ASAFRA-KBLY-5,MAMOURA01,C1_3019AL_PH19,Alex,Alex,GLEEM,Outdoor Site,Macro,2025-06-01 00:00:00,,,Golden,Nokia,True
418,0596AL,Initial,,,FISH-FARM-2,NEWAWAYED02,C5_0596AL_PH12,Alex,Alex,SEMOUHA,Outdoor Site,Macro,2025-06-01 00:00:00,,,Silver,Nokia,
419,1001AL,Initial,,,49_MICRO_SHERATON_MONTAZAH,MAMOURA01,C1_1001AL_PH02,Alex,Alex,GLEEM,Micro Site,Micro,2025-06-01 00:00:00,,,Bronze,Nokia,
420,0522AL,Initial,,,TALATEEN STREET,MIAMI01,C2_0522AL_PH09,Alex,Alex,GLEEM,Outdoor Site,Macro,2025-06-01 00:00:00,,,Bronze,Nokia,
421,0559AL,Initial,,,IZBET-RAHMA,NEWAWAYED02,C11_0559AL_PH12,Alex,Alex,SEMOUHA,Outdoor Site,Macro,2025-06-01 00:00:00,,,Golden,Nokia,True
422,0951AL,Initial,,,SPORTING-4,NA,C2_0951AL_PH18,Alex,Alex,GLEEM,Outdoor Site,Macro,2025-06-01 00:00:00,,,Bronze,Nokia,
423,3018AL,Initial,,,SHATBIE-2,SEMOUHA02,C2_3018AL_PH19,Alex,Alex,GLEEM,Outdoor Site,Macro,2025-06-01 00:00:00,,,Silver,Nokia,
424,2720AL,Initial,,,M-FINE-ARTS,SEMOUHA02,C2_2720AL_PH15,Alex,Alex,GLEEM,Micro Site,Micro,2025-06-01 00:00:00,,,Bronze,Nokia,
425,0465AL,Initial,,,S_KOM-SHOQAFA_0465AL,MANSHIA02,C1_0465AL_PH09,Alex,Alex,SEMOUHA,Shelter Site,Macro,2025-06-01 00:00:00,,,Bronze,Nokia,
426,0154AL,Initial,,,N_BANAYOTI_0154AL,NEWAWAYED02,C1_0154AL_PH03,Alex,Alex,SEMOUHA,Outdoor Site,Macro,2025-06-01 00:00:00,,,Golden,Nokia,True
427,2049AL,Initial,,,M-26JULY-HTL,SEMOUHA02,C3_2049AL_PH04,Alex,Alex,GLEEM,Micro Site,Micro,2025-06-01 00:00:00,,,Bronze,Nokia,
428,0290AL,Initial,,,GAD,MANSHIA01,C7_0290AL_PH03,Alex,Alex,SEMOUHA,Outdoor Site,Macro,2025-06-01 00:00:00,,,Golden,Nokia,True
429,0579AL,Initial,,,FAISAL-HOUSING ,MIAMI01,C4_0579AL_PH12,Alex,Alex,GLEEM,Outdoor Site,Macro,2025-06-01 00:00:00,,,Silver,Nokia,
430,0880AL,Initial,,,MALAHA-3,MAMOURA01,C1_0880AL_PH17,Alex,Alex,GLEEM,Outdoor Site,Macro,2025-06-01 00:00:00,,,Bronze,Nokia,
431,0372AL,Initial,,,RASAFA,SEMOUHA02,C13_0372AL_PH09,Alex,Alex,SEMOUHA,Outdoor Site,Macro,2025-06-01 00:00:00,,,Bronze,Nokia,
432,0733AL,Initial,,,ZAHRYA-CTR,NEWAWAYED01,C1_0733AL_PH14,Alex,Alex,GLEEM,Outdoor Site,Macro,2025-06-01 00:00:00,,,Golden,Nokia,True
433,2930AL,Initial,,,M-IBRAHIMIA-1,SEMOUHA02,C1_2930AL_PH18,Alex,Alex,GLEEM,Micro Site,Micro,2025-06-01 00:00:00,,,Bronze,Nokia,
434,2806AL,Initial,,,M-ALEX-PORT-1,MANSHIA01,C1_2806AL_PH17,Alex,Alex,SEMOUHA,Micro Site,Micro,2025-06-01 00:00:00,,,Bronze,Nokia,
435,0449AL,Initial,,,S_MIAMI-SBWY-RD3_0449AL,NEWAWAYED02,C1_0449AL_PH09,Alex,Alex,GLEEM,Outdoor Site,Macro,2025-06-01 00:00:00,,,Bronze,Nokia,
436,2805AL,Initial,,,M-ABOUQIR,MAMOURA01,C1_2805AL_PH17,Alex,Alex,GLEEM,Micro Site,Micro,2025-06-01 00:00:00,,,Bronze,Nokia,
437,0858AL,Initial,,,ZAGHLOUL-2,NA,C3_0858AL_PH17,Alex,Alex,GLEEM,Outdoor Site,Macro,2025-06-01 00:00:00,,,Bronze,Nokia,
438,2792AL,Initial,,,M-CLPTRA-2,NA,C4_2792AL_PH17,Alex,Alex,GLEEM,Micro Site,Micro,2025-06-01 00:00:00,,,Bronze,Nokia,
439,3182AL,Initial,,,MAMOURA-WST-2,newawayed01,C1_3182AL_PH23,Alex,Alex,GLEEM,Outdoor Site,Macro,2025-06-01 00:00:00,,,Bronze,Nokia,
440,2063AL,Initial,,,37_MICRO_SANTALUCIA_O2,MANSHIA01,C3_2063AL_PH04,Alex,Alex,SEMOUHA,Micro Site,Micro,2025-06-01 00:00:00,,,Bronze,Nokia,
441,0503AL,Initial,,,0191_N_BH-ABU-KIR-PS_0503AL,MAMOURA05,C1_0503AL_PH09,Alex,Alex,GLEEM,Shelter Site,Macro,2025-06-01 00:00:00,,,Bronze,Nokia,
442,0904AL,Initial,,,CLOCK-SQR,MIAMI01,C1_0904AL_PH17,Alex,Alex,GLEEM,Outdoor Site,Macro,2025-06-01 00:00:00,,,Silver,Nokia,
443,2667AL,Initial,,,M-ZAHREYA-6,MIAMI01,C4_2667AL_PH15,Alex,Alex,GLEEM,Micro Site,Micro,2025-06-01 00:00:00,,,Bronze,Nokia,
444,0729AL,Initial,,,IZBT-FALAKY-4,NEWAWAYED01,C5_0729AL_PH14,Alex,Alex,SEMOUHA,Outdoor Site,Macro,2025-06-01 00:00:00,,,Golden,Nokia,True
445,0188AL,Initial,,,FORT-SABEA (Replacement),MAMOURA01,C3_0188AL_PH03,Alex,Alex,GLEEM,Outdoor Site,Macro,2025-06-01 00:00:00,,,Silver,Nokia,
446,0262AL,Initial,,,S_NOZHA-STATION_0262AL,SMOUHA01,C4_0262AL_PH03,Alex,Alex,SEMOUHA,Shelter Site,Macro,2025-06-01 00:00:00,,,Silver,Nokia,
447,0570AL,Initial,,,KABBARY-CLUB,MANSHIA02,C2_0570AL_PH12,Alex,Alex,SEMOUHA,Outdoor Site,Macro,2025-06-01 00:00:00,,,Bronze,Nokia,
448,0953AL,Initial,,,KFR-ASHRY,MANSHIA02,C1_0953AL_PH18,Alex,Alex,SEMOUHA,Outdoor Site,Macro,2025-06-01 00:00:00,,,Bronze,Nokia,
449,2717AL,Initial,,,M-WARDIAN-6,MANSHIA 2 NSN,C1_2717AL_PH15,Alex,Alex,SEMOUHA,Micro Site,Micro,2025-06-01 00:00:00,,,Bronze,Nokia,
450,3129AL,Initial,,,BANAYOTI-3, NEWAWAYED02,C1_3129AL_PH22,Alex,Alex,SEMOUHA,Outdoor Site,Macro,2025-06-01 00:00:00,,,Bronze,Nokia,
451,2894AL,Initial,,,M-RASAFA-7,NA,C2_2894AL_PH18,Alex,Alex,SEMOUHA,Micro Site,Micro,2025-06-01 00:00:00,,,Bronze,Nokia,
452,3393AL,Initial,,,PHAROS-3,NEWAWAYED02,C1_3393AL_PH25,Alex,Alex,SEMOUHA,Outdoor Site,Macro,2025-06-01 00:00:00,,,Bronze,Nokia,
453,0467AL,Initial,,,CLASSIC,MIAMI01,C12_0467AL_PH09,Alex,Alex,GLEEM,Outdoor Site,Macro,2025-06-01 00:00:00,,,Silver,Nokia,
454,2022AL,Initial,,,M-SAINT-NIQOLA (Replacement),SMOUHA01,C3_2022AL_PH03,Alex,Alex,GLEEM,Micro Site,Micro,2025-06-01 00:00:00,,,Bronze,Nokia,
455,3026AL,Initial,,,SPRTING-CLB2,NA,C1_3026AL_PH19,Alex,Alex,GLEEM,Outdoor Site,Macro,2025-06-01 00:00:00,,,Bronze,Nokia,
456,2036AL,Initial,,,S_M-WATANEYA_2036AL_G000,MIAMI01,C1_2036AL_PH03,Alex,Alex,GLEEM,Micro Site,Micro,2025-06-01 00:00:00,,,Bronze,Nokia,
457,2760AL,Initial,,,CLASSIC-PST,MAMOURA01,C2_2760AL_PH16,Alex,Alex,GLEEM,Micro Site,Micro,2025-06-01 00:00:00,,,Bronze,Nokia,
458,0475AL,Initial,,,S_Street-45-ENT_0475AL,MIAMI01,C3_0475AL_PH09,Alex,Alex,GLEEM,Shelter Site,Macro,2025-06-01 00:00:00,,,Silver,Nokia,
459,0029AL,Initial,,,S_MANDARA_0029AL,MIAMI01,C1_0029AL_PH01,Alex,Alex,GLEEM,Outdoor Site,Macro,2025-06-01 00:00:00,,,Bronze,Nokia,
460,0360AL,Initial,,,N_VICTORIA-EST_0360AL,MIAMI01,C2_0360AL_PH08,Alex,Alex,GLEEM,Outdoor Site,Macro,2025-06-01 00:00:00,,,Golden,Nokia,True
461,2677AL,Initial,,,M-MONTAZA-ENT,MAMOURA01,C1_2677AL_PH15,Alex,Alex,GLEEM,Micro Site,Micro,2025-06-01 00:00:00,,,Bronze,Nokia,
462,1209AL,Initial,,,I-MAZLOM-MIAMI,NA,C1_1209AL_PH22,Alex,Alex,GLEEM,Micro Site,Micro,2025-06-01 00:00:00,,,Bronze,Nokia,
463,2064AL,Initial,,,S_M-LABIB_2064AL_G000,SMOUHA01,C1_2064AL_PH04,Alex,Alex,SEMOUHA,Micro Site,Micro,2025-06-01 00:00:00,,,Bronze,Nokia,
464,0108AL,Initial,2986AL,M-ASAFRA-KBLY,H_ASAFRA-KBLY_0108AL,MAMOURA01,C2_0108AL_PH02,Alex,Alex,GLEEM,Outdoor Site,Macro,2025-06-01 00:00:00,,,Silver,Nokia,
465,0723AL,Initial,,, ANFOSHI-CRNCH,MANSHIA01,C3_0723AL_PH14,Alex,Alex,SEMOUHA,Outdoor Site,Macro,2025-06-01 00:00:00,,,Silver,Nokia,
466,2807AL,Initial,,,M-ALEX-PORT-2,MANSHIA01,C1_2807AL_PH17,Alex,Alex,SEMOUHA,Micro Site,Micro,2025-06-01 00:00:00,,,Bronze,Nokia,
467,0677AL,Initial,,,RAS-TEEN-2,MANSHIA01,C5_0677AL_PH13,Alex,Alex,SEMOUHA,Outdoor Site,Macro,2025-06-01 00:00:00,,,Silver,Nokia,
468,0153AL,Initial,,,S_AWAYED-STH_0153AL,NEWAWAYED02,C1_0153AL_PH03,Alex,Alex,SEMOUHA,Shelter Site,Macro,2025-06-01 00:00:00,,,Silver,Nokia,
469,0443AL,Initial,,,S_ABU-SOLIMAN2_0443AL,NEWAWAYED01,C2_0443AL_PH09,Alex,Alex,SEMOUHA,Outdoor Site,Macro,2025-06-01 00:00:00,,,Silver,Nokia,
470,0952AL,Initial,,,AMOUD-3,MANSHIA02,C1_0952AL_PH18,Alex,Alex,SEMOUHA,Outdoor Site,Macro,2025-06-01 00:00:00,,,Silver,Nokia,
471,2654AL,Initial,,,M-SYOF-3,NEWAWAYED01,C2_2654AL_PH15,Alex,Alex,GLEEM,Micro Site,Micro,2025-06-01 00:00:00,,,Bronze,Nokia,
472,1023AL,Initial,,,S_I-SEMOHA-SHOP_1023AL_G000,SMOUHA01,C2_1023AL_PH04,Alex,Alex,SEMOUHA,Micro Site,Micro,2025-06-01 00:00:00,,,Bronze,Nokia,
473,0897AL,Initial,,,LORAN-4   ,MIAMI01,C1_0897AL_PH17,Alex,Alex,GLEEM,Outdoor Site,Macro,2025-06-01 00:00:00,,,Bronze,Nokia,
474,2662AL,Initial,,,M-ZAHREYA-1,NEWAWAYED01,C1_2662AL_PH15,Alex,Alex,GLEEM,Micro Site,Micro,2025-06-01 00:00:00,,,Bronze,Nokia,
475,0641AL,Initial,,,MHMDIA-KHRSHD ,NEWAWAYED02,C1_0641AL_PH13,Alex,Alex,SEMOUHA,Outdoor Site,Macro,2025-06-01 00:00:00,,,Bronze,Nokia,
476,0408AL,Initial,,,S_TIBA-ST-ALEX_0408Al,SMOUHA01,C2_0408AL_PH09,Alex,Alex,GLEEM,Outdoor Site,Macro,2025-06-01 00:00:00,,,Bronze,Nokia,
477,0513AL,Initial,,,WARDIAN-NTH,MANSHIA02,C8_0513AL_PH09,Alex,Alex,SEMOUHA,Outdoor Site,Macro,2025-06-01 00:00:00,,,Golden,Nokia,True
478,0863AL,Initial,,,AMOUD-2,MANSHIA02,C1_0863AL_PH17,Alex,Alex,SEMOUHA,Outdoor Site,Macro,2025-06-01 00:00:00,,,Silver,Nokia,
479,3154AL,Initial,,,SEMOHA-CLUB-2,SMOUHA01,C1_3154AL_PH23 ,Alex,Alex,SEMOUHA,Outdoor Site,Macro,2025-06-01 00:00:00,,,Silver,Nokia,
480,3155AL,Initial,,,SEMOHA-CLUB-3,SMOUHA01,C2_3155AL_PH23,Alex,Alex,SEMOUHA,Outdoor Site,Macro,2025-06-01 00:00:00,,,Bronze,Nokia,
481,2065AL,Initial,,,47_MICRO_QUEEN,MIAMI01,C1_2065AL_PH04,Alex,Alex,GLEEM,Micro Site,Micro,2025-06-01 00:00:00,,,Bronze,Nokia,
482,0173AL,Initial,,,N_MABARAH_0173AL,SEMOUHA02,C2_0173AL_PH03,Alex,Alex,GLEEM,Outdoor Site,Macro,2025-06-01 00:00:00,,,Bronze,Nokia,
483,2737AL,Initial,,,M-AMOUD-1,MANSHIA02,C1_2737AL_PH15,Alex,Alex,SEMOUHA,Micro Site,Micro,2025-06-01 00:00:00,,,Bronze,Nokia,
484,0434AL,Initial,,,S_BUS-STATION_0434AL,SEMOUHA02,C4_0434AL_PH09,Alex,Alex,SEMOUHA,Shelter Site,Macro,2025-06-01 00:00:00,,,Silver,Nokia,
485,0299AL,Initial,,,S_ABOU-ASHRAF_0299AL,MANSHIA01,C8_0299AL_PH04,Alex,Alex,SEMOUHA,Outdoor Site,Macro,2025-06-01 00:00:00,,,Bronze,Nokia,
486,0655AL,Initial,,,ATTARIN-2,MANSHIA01,C2_0655AL_PH13,Alex,Alex,SEMOUHA,Outdoor Site,Macro,2025-06-01 00:00:00,,,Golden,Nokia,True
487,3327AL,Initial,,,MONTAZAH-EST_3327AL,NEWAWAYED02,C1_3327AL_PH24,Alex,Alex,GLEEM,Outdoor Site,Macro,2025-06-01 00:00:00,,,Bronze,Nokia,
488,0045AL,Initial,2918AL,M-IZAB-30,S_IZAB-THALATHIN_0045AL,NEWAWAYED02,C1_0045AL_PH01,Alex,Alex,SEMOUHA,Outdoor Site,Macro,2025-06-01 00:00:00,,,Golden,Nokia,True
489,2781AL,Initial,,,M-MANDARA-2,MAMOURA01,C1_2781AL_PH17,Alex,Alex,GLEEM,Micro Site,Micro,2025-06-01 00:00:00,,,Bronze,Nokia,
490,0461AL,Initial,,,SHOOTING-CLUB,SEMOUHA02,C6_0461AL_PH09,Alex,Alex,SEMOUHA,Outdoor Site,Macro,2025-06-01 00:00:00,,,Bronze,Nokia,
491,0197AL,Initial,,,S_HOMIYAT_0197AL,SMOUHA01,C4_0197AL_PH03,Alex,Alex,SEMOUHA,Outdoor Site,Macro,2025-06-01 00:00:00,,,Bronze,Nokia,
492,2665AL,Initial,,,M-ZAHREYA-4,NEWAWAYED01,C2_2665AL_PH15,Alex,Alex,GLEEM,Micro Site,Micro,2025-06-01 00:00:00,,,Bronze,Nokia,
493,0418AL,Initial,,,MANDARA-TRAIN,NEWAWAYED01,C11_0418AL_PH09,Alex,Alex,GLEEM,Outdoor Site,Macro,2025-06-01 00:00:00,,,Bronze,Nokia,
494,0860AL,Initial,,,EISWAY-2,MIAMI01,C1_0860AL_PH17,Alex,Alex,GLEEM,Outdoor Site,Macro,2025-06-01 00:00:00,,,Bronze,Nokia,
495,2821AL,Initial,,,M-MHRMBEK-CTR1,NA,C1_2821AL_PH17,Alex,Alex,SEMOUHA,Micro Site,Micro,2025-06-01 00:00:00,,,Bronze,Nokia,
496,3168AL,Initial,,,IBRAHEMIA-3,SEMOUHA02,C1_3168AL_PH23,Alex,Alex,GLEEM,Outdoor Site,Macro,2025-06-01 00:00:00,,,Bronze,Nokia,
497,0807AL,Initial,,,KFR-ABDO-2,SMOUHA01,C1_0807AL_PH15,Alex,Alex,GLEEM,Outdoor Site,Macro,2025-06-01 00:00:00,,,Bronze,Nokia,
498,0921AL,Initial,,,HADRA-KBLY-4,SMOUHA01,C1_0921AL_PH18,Alex,Alex,SEMOUHA,Outdoor Site,Macro,2025-06-01 00:00:00,,,Bronze,Nokia,
499,2639AL,Initial,,,M-UNIV-GATE-2,SEMOUHA02,C3_2639AL_PH14,Alex,Alex,SEMOUHA,Micro Site,Micro,2025-06-01 00:00:00,,,Bronze,Nokia,
500,2629AL,Initial,,,M-ISKANDAR,AWAYED_03,C2_2629AL_PH14,Alex,Alex,GLEEM,Micro Site,Micro,2025-06-01 00:00:00,,,Bronze,Nokia,
501,0982AL,Initial,,,ALEX-PORT-3,NA,C1_0982AL_PH18,Alex,Alex,SEMOUHA,Outdoor Site,Macro,2025-06-01 00:00:00,,,Golden,Nokia,True
502,2958AL,Initial,,,M-ISKANDER-2,NA,C1_2958AL_PH18,Alex,Alex,GLEEM,Micro Site,Micro,2025-06-01 00:00:00,,,Bronze,Nokia,
503,7241AL,Initial,,,1411_O_HARAMEEN-EXCH _7241AL,NEWAWAYED01,C1_7241AL_PH19,Alex,Alex,GLEEM,Outdoor Site,Macro,2025-06-01 00:00:00,,,Silver,Nokia,
504,0444AL,Initial,2914AL,M-MATAFI-SQR,MATAFI-SQR,NEWAWAYED01,C9_0444AL_PH09,Alex,Alex,GLEEM,Outdoor Site,Macro,2025-06-01 00:00:00,,,Golden,Nokia,True
505,3076AL,Initial,,,HADRA-KBLY-5,SMOUHA01,C1_3076AL_PH21,Alex,Alex,SEMOUHA,Outdoor Site,Macro,2025-06-01 00:00:00,,,Silver,Nokia,
506,2636AL,Initial,,,M-MUHSEN (Replacement),NEWAWAYED01,C4_2636AL_PH14,Alex,Alex,SEMOUHA,Micro Site,Micro,2025-06-01 00:00:00,,,Bronze,Nokia,
507,2714AL,Initial,,,M-WARDIAN-3,MANSHIA02,C3_2714AL_PH15,Alex,Alex,SEMOUHA,Micro Site,Micro,2025-06-01 00:00:00,,,Bronze,Nokia,
508,3135AL,Initial,,,BAKOS-BALAD-3,NEWAWAYED02 ,C1_3135AL_PH22,Alex,Alex,GLEEM,Outdoor Site,Macro,2025-06-01 00:00:00,,,Silver,Nokia,
509,0477AL,Initial,,,S_MALAK-HEFNY_0477AL,MIAMI01,C7_0477AL_PH09,Alex,Alex,GLEEM,Outdoor Site,Macro,2025-06-01 00:00:00,,,Bronze,Nokia,
510,0178AL,Initial,,,S_NASR_0178AL,MIAMI01,C3_0178AL_PH03,Alex,Alex,GLEEM,Outdoor Site,Macro,2025-06-01 00:00:00,,,Bronze,Nokia,
511,2740AL,Initial,,,M-KARMOZ-4,MANSHIA02,C3_2740AL_PH16,Alex,Alex,SEMOUHA,Micro Site,Micro,2025-06-01 00:00:00,,,Bronze,Nokia,
512,2001AL,Initial,,,35_MICRO_ABOUELABBAS,MANSHIA01,C1_2001AL_PH03,Alex,Alex,SEMOUHA,Micro Site,Micro,2025-06-01 00:00:00,,,Bronze,Nokia,
513,3241AL,Initial,,,SIDI-BISHR-5,NEWAWAYED01,C2_3241AL_PH24,Alex,Alex,GLEEM,Outdoor Site,Macro,2025-06-01 00:00:00,,,Golden,Nokia,True
514,3209AL,Initial,,,ABIS-RSDNS,NEWAWAYED02 ,C1_3209AL_PH23,Alex,Alex,SEMOUHA,Outdoor Site,Macro,2025-06-01 00:00:00,,,Golden,Nokia,True
515,0186AL,Initial,,,S_FINE-ARTS_0186AL,SEMOUHA02,C2_0186AL_PH03,Alex,Alex,GLEEM,Outdoor Site,Macro,2025-06-01 00:00:00,,,Bronze,Nokia,
516,3643DE,Initial,,,BH-ABIS-6,NEWAWAYED02,C1_3643DE_PH13,Alex,Alex,SEMOUHA,Outdoor Site,Macro,2025-06-01 00:00:00,,,Golden,Nokia,True
517,0764AL,Initial,,,MALAHA-ST-2,MAMOURA01,C4_0764AL_PH15,Alex,Alex,GLEEM,Outdoor Site,Macro,2025-06-01 00:00:00,,,Bronze,Nokia,
518,0597AL,Initial,,,AMARWA,MAMOURA01,C20_0597AL_PH12,Alex,Alex,GLEEM,Outdoor Site,Macro,2025-06-01 00:00:00,,,Golden,Nokia,True
519,0195AL,Initial,,,S_GSE-SCH_0195AL,MIAMI01,C1_0195AL_PH03,Alex,Alex,GLEEM,Outdoor Site,Macro,2025-06-01 00:00:00,,,Bronze,Nokia,
520,0409AL,Initial,,,CAMP-SHEZAR2,SEMOUHA02,C6_0409AL_PH09,Alex,Alex,GLEEM,Outdoor Site,Macro,2025-06-01 00:00:00,,,Bronze,Nokia,
521,0809AL,Initial,,,GLEEM-2,SEMOUHA02,C6_0809AL_PH15,Alex,Alex,GLEEM,Outdoor Site,Macro,2025-06-01 00:00:00,,,Silver,Nokia,
522,2634AL,Initial,,,M-RAGHEB,MANSHIA02,C3_2634AL_PH14,Alex,Alex,SEMOUHA,Micro Site,Micro,2025-06-01 00:00:00,,,Bronze,Nokia,
523,2011AL,Initial,,,39_MICRO_TAHRIR_O2,MANSHIA01,C3_2011AL_PH03,Alex,Alex,SEMOUHA,Micro Site,Micro,2025-06-01 00:00:00,,,Bronze,Nokia,
524,3040AL,Initial,,,HADARA-CTR-2,SMOUHA01 ,C1_3040AL_PH19,Alex,Alex,SEMOUHA,Outdoor Site,Macro,2025-06-01 00:00:00,,,Golden,Nokia,
525,0958AL,Initial,,,IZ-500-2,NEWAWAYED02,C2_0958AL_PH18,Alex,Alex,SEMOUHA,Outdoor Site,Macro,2025-06-01 00:00:00,,,Bronze,Nokia,
526,3645DE,Initial,,,BH-ABIS-5,NEWAWAYED02,C2_3645DE_PH13,Alex,Alex,SEMOUHA,Outdoor Site,Macro,2025-06-01 00:00:00,,,Bronze,Nokia,
527,0362AL,Initial,,,S_ASAFRA-EST_0362AL,MAMOURA01,C5_0362AL_PH08,Alex,Alex,GLEEM,Shelter Site,Macro,2025-06-01 00:00:00,,,Golden,Nokia,True
528,0177AL,Initial,,,NASR-STH [ Replacement ],MIAMI01,C6_0177AL_PH03,Alex,Alex,GLEEM,Outdoor Site,Macro,2025-06-01 00:00:00,,,Silver,Nokia,
529,0024AL,Initial,,,S_GOMROK_0024AL,MANSHIA01,C6_0024AL_PH01,Alex,Alex,SEMOUHA,Outdoor Site,Macro,2025-06-01 00:00:00,,,Silver,Nokia,
530,0588AL,Initial,,,BAKOS-BALAD,48,C14_0588AL_PH12,Alex,Alex,GLEEM,Outdoor Site,Macro,2025-06-01 00:00:00,,,Bronze,Nokia,
531,0471AL,Initial,,,MS-ST-45-EXIT,MAMOURA01,C10_0471AL_PH09,Alex,Alex,GLEEM,Outdoor Site,Macro,2025-06-01 00:00:00,,,Golden,Nokia,True
532,3215AL,Initial,,,NEW-SAYADLA,NEWAWAYED02,C2_3215AL_PH24,Alex,Alex,SEMOUHA,Outdoor Site,Macro,2025-06-01 00:00:00,,,Bronze,Nokia,
533,0327AL,Initial,,,MAHMOUDYA-BHRY ,NEWAWAYED02,C7_0327AL_PH06,Alex,Alex,SEMOUHA,Outdoor Site,Macro,2025-06-01 00:00:00,,,Golden,Nokia,True
534,0479AL,Initial,,,S_EZBT-THALATEN2_0479AL,NEWAWAYED02,C2_0479AL_PH09,Alex,Alex,SEMOUHA,Shelter Site,Macro,2025-06-01 00:00:00,,,Silver,Nokia,
535,2579AL,Initial,,,M-MISR-2,MANSHIA01,C6_2579AL_PH13,Alex,Alex,SEMOUHA,Micro Site,Micro,2025-06-01 00:00:00,,,Bronze,Nokia,
536,3161AL,Initial,,,MOHAMED-FAWZY2,SMOUHA01,C1_3161AL_PH23,Alex,Alex,SEMOUHA,Outdoor Site,Macro,2025-06-01 00:00:00,,,Bronze,Nokia,
537,3171AL,Initial,,,IZ-TALATIN-5,NEWAWAYED02,C1_3171AL_PH23,Alex,Alex,SEMOUHA,Outdoor Site,Macro,2025-06-01 00:00:00,,,Golden,Nokia,True
538,2A49AL,Initial,,,M-IZBT-QALAA1,NEWAWAYED02,C1_2A49AL_PH22,Alex,Alex,SEMOUHA,Micro Site,Micro,2025-06-01 00:00:00,,,Bronze,Nokia,
539,1047AL,Initial,,,I-EKBAL-SHP(REP),MIAMI01,C2_1047AL_PH09,Alex,Alex,GLEEM,Micro Site,Micro,2025-06-01 00:00:00,,,Bronze,Nokia,
540,2780AL,Initial,,,M-STEFANO-2,SEMOUHA02,C3_2780AL_PH17,Alex,Alex,GLEEM,Micro Site,Micro,2025-06-01 00:00:00,,,Bronze,Nokia,
541,0026AL,Initial,,,LABBAN,MANSHIA01,C3_0026AL_PH01,Alex,Alex,SEMOUHA,Outdoor Site,Macro,2025-06-01 00:00:00,,,Silver,Nokia,
542,3136AL,Initial,,,NASR-ST-2,NEWAWAYED02,C2_3136AL_PH22,Alex,Alex,SEMOUHA,Outdoor Site,Macro,2025-06-01 00:00:00,,,Silver,Nokia,
543,0446AL,Initial,,,SAYOUF,NEWAWAYED01,C12_0446AL_PH09,Alex,Alex,GLEEM,Outdoor Site,Macro,2025-06-01 00:00:00,,,Bronze,Nokia,
544,2016AL,Initial,,,M-HUSN-SOLIMAN,MIAMI01, C3_2016AL_PH03,Alex,Alex,GLEEM,Micro Site,Micro,2025-06-01 00:00:00,,,Bronze,Nokia,
545,0675AL,Initial,,,TALATEEN-ST-2,MIAMI01,C6_0675AL_PH13,Alex,Alex,GLEEM,Outdoor Site,Macro,2025-06-01 00:00:00,,,Golden,Nokia,True
546,0179AL,Initial,,,N_TALATEEN_0179AL,MAMOURA01,C2_0179AL_PH03,Alex,Alex,GLEEM,Shelter Site,Macro,2025-06-01 00:00:00,,,Silver,Nokia,
547,0743AL,Initial,,,VICTORIA-CTR,MIAMI01,C6_0743AL_PH14,Alex,Alex,GLEEM,Outdoor Site,Macro,2025-06-01 00:00:00,,,Silver,Nokia,
548,3049AL,Initial,,,GLEEM-3,SEMOUHA02,C1_3049AL_PH19,Alex,Alex,GLEEM,Outdoor Site,Macro,2025-06-01 00:00:00,,,Bronze,Nokia,
549,0919AL,Initial,,,CLASSIC-2,MIAMI01,C1_0919AL_PH18,Alex,Alex,GLEEM,Outdoor Site,Macro,2025-06-01 00:00:00,,,Bronze,Nokia,
550,2678AL,Initial,,,M-GAMAL-1,MIAMI01,C1_2678AL_PH15,Alex,Alex,GLEEM,Micro Site,Micro,2025-06-01 00:00:00,,,Bronze,Nokia,
551,0593AL,Initial,,,GAWAHER-ST,SMOUHA01,C2_0593AL_PH12,Alex,Alex,SEMOUHA,Outdoor Site,Macro,2025-06-01 00:00:00,,,Bronze,Nokia,
552,3032AL,Initial,,,NASR-ST,MANSHIA01,C1_3032AL_PH19,Alex,Alex,GLEEM,Outdoor Site,Macro,2025-06-01 00:00:00,,,Silver,Nokia,
553,0183AL,Initial,,,S_FCT_0183AL,MANSHIA02,C1_0183AL_PH03,Alex,Alex,SEMOUHA,Outdoor Site,Macro,2025-06-01 00:00:00,,,Bronze,Nokia,
554,3115AL,Initial,,,BASHAYER-KHER,MANSHIA02,C3_3115AL_PH22,Alex,Alex,SEMOUHA,Outdoor Site,Macro,2025-06-01 00:00:00,,,Golden,Nokia,True
555,0762AL,Initial,,,PHAROS,NEWAWAYED02,C7_0762AL_PH14,Alex,Alex,SEMOUHA,Outdoor Site,Macro,2025-06-01 00:00:00,,,Bronze,Nokia,
556,1155AL,Initial,,,I-AMN-EL DAWLA,NEWAWAYED02,C1_1155AL_PH18,Alex,Alex,SEMOUHA,Micro Site,Micro,2025-06-01 00:00:00,,,Bronze,Nokia,
557,0879AL,Initial,,,MNDRA-KBLY-2,MAMOURA01,C2_0879AL_PH17,Alex,Alex,GLEEM,Outdoor Site,Macro,2025-06-01 00:00:00,,,Golden,Nokia,True
558,0402AL,Initial,,,AMOUD (Replacement ),MANSHIA02,C3_0402AL_PH09,Alex,Alex,SEMOUHA,Outdoor Site,Macro,2025-06-01 00:00:00,,,Bronze,Nokia,
559,0405AL,Initial,,,HOMYAT-TRAIN,SMOUHA01,C10_0405AL_PH09,Alex,Alex,SEMOUHA,Outdoor Site,Macro,2025-06-01 00:00:00,,,Bronze,Nokia,
560,0325AL,Initial,,,S_MAHATET-MASR_0325AL,MANSHIA01,C3_0325AL_PH06,Alex,Alex,SEMOUHA,Outdoor Site,Macro,2025-06-01 00:00:00,,,Bronze,Nokia,
561,0684AL,Initial,,,RAML-MERY-2,NEWAWAYED01,C3_0684AL_PH13,Alex,Alex,GLEEM,Outdoor Site,Macro,2025-06-01 00:00:00,,,Silver,Nokia,
562,0585AL,Initial,,,KARAMA-STREET,NEWAWAYED02,C9_0585AL_PH12,Alex,Alex,SEMOUHA,Outdoor Site,Macro,2025-06-01 00:00:00,,,Bronze,Nokia,
563,0587AL,Initial,,,MAWASERSTREET,NEWAWAYED02,C16_0587AL_PH12,Alex,Alex,SEMOUHA,Outdoor Site,Macro,2025-06-01 00:00:00,,,Golden,Nokia,True
564,2691AL,Initial,,,M-PS-ST-1,SMOUHA01,C1_2691AL_PH15,Alex,Alex,GLEEM,Micro Site,Micro,2025-06-01 00:00:00,,,Bronze,Nokia,
565,0701AL,Initial,,,ABIS 8,NEWAWAYED02,C1_0701AL_PH14,Alex,Alex,SEMOUHA,Outdoor Site,Macro,2025-06-01 00:00:00,,,Bronze,Nokia,
566,0266AL,Initial,,,NASSREYA,MANSHIA02,C12_0266AL_PH03,Alex,Alex,SEMOUHA,Outdoor Site,Macro,2025-06-01 00:00:00,,,Bronze,Nokia,
567,0598AL,Initial,,,MALAHA,MAMOURA01,C2_0598AL_PH13,Alex,Alex,GLEEM,Outdoor Site,Macro,2025-06-01 00:00:00,,,Silver,Nokia,
568,2A57AL,Initial,,,M-MTROPLE-HTL,NA,C1_2A57AL_PH23,Alex,Alex,SEMOUHA,Micro Site,Micro,2025-06-01 00:00:00,,,Bronze,Nokia,
569,0094AL,Initial,,,MOHAFZA,MANSHIA01,C15_0094AL_PH2,Alex,Alex,SEMOUHA,Outdoor Site,Macro,2025-06-01 00:00:00,,,Bronze,Nokia,
570,0913AL,Initial,,,ASAFRA-3,NA,C1_0913AL_PH17,Alex,Alex,GLEEM,Outdoor Site,Macro,2025-06-01 00:00:00,,,Silver,Nokia,
571,0417AL,Initial,,,S_AWAYED-TRAIN_0417AL,NEWAWAYED02,C6_0417AL_PH09,Alex,Alex,SEMOUHA,Outdoor Site,Macro,2025-06-01 00:00:00,,,Bronze,Nokia,
572,0152AL,Initial,,,S_AWAYED-EST_0152AL,NEWAWAYED01,C7_0152AL_PH03,Alex,Alex,SEMOUHA,Outdoor Site,Macro,2025-06-01 00:00:00,,,Bronze,Nokia,
573,1028AL,Initial,,,CARREFOUR ,SEMOUHA02,C1_1028AL_PH07,Alex,Alex,SEMOUHA,Outdoor Site,Micro,2025-06-01 00:00:00,,,Bronze,Nokia,
574,0426AL,Initial,,,G_INT-RD1_0426AL,NEWAWAYED02,C1_0426AL_PH09,Alex,Alex,SEMOUHA,Outdoor Site,Macro,2025-06-01 00:00:00,Cont.,CD3029B150708,Silver,Nokia,
575,3209DE,Initial,,,BH-BAYDA-ENT,NEWAWAYED02,C1_3209DE_PH12,Alex,Alex,SEMOUHA,Outdoor Site,Macro,2025-06-01 00:00:00,,,Bronze,Nokia,
576,2738AL,Initial,,,M-KARMOZ-2,MANSHIA02,C3_2738AL_PH16,Alex,Alex,SEMOUHA,Micro Site,Micro,2025-06-01 00:00:00,,,Bronze,Nokia,
577,1063AL,Initial,,,I-MSC,SEMOUHA02,C1_1063AL_PH13,Alex,Alex,GLEEM,Micro Site,Micro,2025-06-01 00:00:00,,,Bronze,Nokia,
578,0190AL,Initial,,,V_FREMON_0190AL,NEWAWAYED02,C4_0190AL_PH03,Alex,Alex,SEMOUHA,Outdoor Site,Macro,2025-06-01 00:00:00,,,Bronze,Nokia,
579,2004AL,Initial,,,30_MICRO_BALBAA_DXX_O2,MIAMI01,C3_2004AL_PH03,Alex,Alex,GLEEM,Micro Site,Micro,2025-06-01 00:00:00,,,Bronze,Nokia,
580,0700AL,Initial,,,AMAN-BRDG,NEWAWAYED02,C1_0700AL_PH13,Alex,Alex,SEMOUHA,Outdoor Site,Macro,2025-06-01 00:00:00,,,Bronze,Nokia,
581,0500AL,Initial,,,17_S_TOUSON1_0500AL_SSS0,MAMOURA01,C1_0500AL_PH09,Alex,Alex,GLEEM,Outdoor Site,Macro,2025-06-01 00:00:00,,,Silver,Nokia,
582,0166AL,Initial,,,S_ABBARY_0166AL,MANSHIA02,C2_0166AL_PH03,Alex,Alex,SEMOUHA,Outdoor Site,Macro,2025-06-01 00:00:00,,,Bronze,Nokia,
583,0671AL,Initial,,,0691_S_TABIA-VLG_0671AL,MAMOURA01,C1_0671AL_PH13,Alex,Alex,GLEEM,Shelter Site,Macro,2025-06-01 00:00:00,,,Bronze,Nokia,
584,1096AL,Initial,,,I-JUDGE-CLUB,SEMOUHA02,C1_1096AL_PH16,Alex,Alex,GLEEM,Micro Site,Micro,2025-06-01 00:00:00,,,Bronze,Nokia,
585,0003AL,Initial,8044AL,AWAYED01/02 BSC,AWAYED ODU,NEWAWAYED01,C1_0003AL_PH00,Alex,Alex,SEMOUHA,Outdoor Site,Macro,2025-06-01 00:00:00,,,Golden,Nokia,True
586,2588AL,Initial,,,M-FAROUK-CAFÉ,NA,C2_2588AL_PH13,Alex,Alex,SEMOUHA,Micro Site,Micro,2025-06-01 00:00:00,,,Bronze,Nokia,
587,0577AL,Initial,,,18_S_ABUQIR-BALAD_0577AL_0SS0,ASBSCALW01,C1_0577AL_PH12,Alex,Alex,GLEEM,Outdoor Site,Macro,2025-06-01 00:00:00,,,Golden,Nokia,True
588,2686AL,Initial,,,M-EISAWY-1,MIAMI01,C1_2686AL_PH15,Alex,Alex,GLEEM,Micro Site,Micro,2025-06-01 00:00:00,,,Bronze,Nokia,
589,3410AL,Initial,,,ABIS-VLG-10,ASBSCALW01,C1_3410AL_PH26,Alex,Alex,SEMOUHA,Outdoor Site,Macro,2025-06-01 00:00:00,,,Bronze,Nokia,
590,3511AL,Initial,,,NEW-SAWARY-4,MANSHIA02,C1_3511AL_PH27,Alex,Alex,SEMOUHA,Outdoor Site,Macro,2025-06-01 00:00:00,,,Bronze,Nokia,
591,2A51AL,Initial,,,M-ARAMEX-ALEX ,NA,C1_2A51AL_PH22 ,Alex,Alex,SEMOUHA,Micro Site,Micro,2025-06-01 00:00:00,,,Bronze,Nokia,
592,0775AL,Initial,,,GAMAL-ST,ASBSCALW01,C13_0775AL_PH15,Alex,Alex,GLEEM,Outdoor Site,Macro,2025-06-01 00:00:00,,,Bronze,Nokia,
593,3369AL,Initial,,,ENG-CLG2,SEMOUHA02,C2_3369AL_PH25,Alex,Alex,GLEEM,Outdoor Site,Macro,2025-06-01 00:00:00,,,Bronze,Nokia,
594,3354AL,Initial,,,MRGHNI-PALACE2,SEMOUHA02,C1_3354AL_PH25,Alex,Alex,GLEEM,Outdoor Site,Macro,2025-06-01 00:00:00,,,Bronze,Nokia,
595,3078AL,Initial,,,ANDLSIA-RSDNS,ASBSCALW01,C4_3078AL_PH21,Alex,Alex,GLEEM,Outdoor Site,Macro,2025-06-01 00:00:00,,,Bronze,Nokia,
596,3445AL,Initial,,,ANTNIADS-PARK2,ASBSCALS02,C1_3445AL_PH26,Alex,Alex,SEMOUHA,Outdoor Site,Macro,2025-06-01 00:00:00,,,Bronze,Nokia,
597,3481AL,Initial,,,IZ-TALATIN-7,ASBSCALW01,C1_3481AL_PH26,Alex,Alex,SEMOUHA,Outdoor Site,Macro,2025-06-01 00:00:00,,,Golden,Nokia,True
598,3470AL,Initial,,,ESHREEN-ST-2,ASBSCALW01,C1_3470AL_PH26,Alex,Alex,GLEEM,Outdoor Site,Macro,2025-06-01 00:00:00,,,Bronze,Nokia,
599,3411AL,Initial,,,MALAHA-4,ASBSCALW01,C1_3411AL_PH26,Alex,Alex,GLEEM,Outdoor Site,Macro,2025-06-01 00:00:00,,,Bronze,Nokia,
600,3455AL,Initial,,,ABIS-RSDNS-3,ASBSCALW01,C1_3455AL_PH26,Alex,Alex,SEMOUHA,Outdoor Site,Macro,2025-06-01 00:00:00,,,Bronze,Nokia,
601,0688AL,Initial,,,BANTAKOSH-NTH,ASBSCALW01,C5_0688AL_PH13,Alex,Alex,SEMOUHA,Outdoor Site,Macro,2025-06-01 00:00:00,,,Golden,Nokia,True
602,3472AL,Initial,,,GHOBRIAL-10,ASBSCALW01,C1_3472AL_PH26,Alex,Alex,GLEEM,Outdoor Site,Macro,2025-06-01 00:00:00,,,Bronze,Nokia,
603,3477AL,Initial,,,IZBET-MUHSEN-5,ASBSCALW01,C2_3477AL_PH26,Alex,Alex,SEMOUHA,Outdoor Site,Macro,2025-06-01 00:00:00,,,Bronze,Nokia,
604,2860AL,Initial,,,M-AUDI-SMOUHA,SMOUHA01,C1_2860AL_PH17,Alex,Alex,SEMOUHA,Micro Site,Micro,2025-06-01 00:00:00,,,Bronze,Nokia,
605,1247AL,Initial,,,I-SLMA-HPT-RML,NA,C1_1247AL_PH25,Alex,Alex,GLEEM,Micro Site,Micro,2025-06-01 00:00:00,,,Bronze,Nokia,
606,2635AL,Initial,,,M-LATINO,SEMOUHA02,C1_2635AL_PH14,Alex,Alex,GLEEM,Micro Site,Micro,2025-06-01 00:00:00,,,Bronze,Nokia,
607,3476AL,Initial,,,IZBET-MUHSEN-4,ASBSCALW01,C1_3476AL_PH26,Alex,Alex,SEMOUHA,Outdoor Site,Macro,2025-06-01 00:00:00,,,Bronze,Nokia,
608,3471AL,Initial,,,FLEMMING-6,ASBSCALS02,C1_3471AL_PH26,Alex,Alex,SEMOUHA,Outdoor Site,Macro,2025-06-01 00:00:00,,,Bronze,Nokia,
609,3458AL,Initial,,,ALX-AGRC-ENT,NEWAWAYED02,3458AL,Alex,Alex,SEMOUHA,Outdoor Site,Macro,2025-06-01 00:00:00,,,Bronze,Nokia,
610,2101AL,Initial,,,S_M-SADCO-ALEX_2101AL_GG00,SMOUHA01,C1_2101AL_PH09,Alex,Alex,SEMOUHA,Micro Site,Micro,2025-06-01 00:00:00,,,Bronze,Nokia,
611,3480AL,Initial,,,IZ-TALATIN-6,NEWAWAYED02,3480AL,Alex,Alex,SEMOUHA,Outdoor Site,Macro,2025-06-01 00:00:00,,,Golden,Nokia,True
612,0766AL,Initial,,,FISH-FARM-3,NEWAWAYED02,0766AL,Alex,Alex,SEMOUHA,Outdoor Site,Macro,2025-06-01 00:00:00,,,Bronze,Nokia,
613,0451AL,Initial,,,RAS-SODA2 ,MIAMI01,C4_0451AL_PH09,Alex,Alex,GLEEM,Outdoor Site,Macro,2025-06-18 00:00:00,,,Silver,Nokia,
614,3596AL,Initial,,,WARDIAN-KBLY2,ASBSCALS02,C1_3596AL_PH28,Alex,Alex,SEMOUHA,Outdoor Site,Macro,2025-06-22 00:00:00,,,Bronze,Nokia,
615,0744AL,Initial,,,HADRA-MRKT,SEMOUHA02,C12_0744AL_PH14,Alex,Alex,SEMOUHA,Outdoor Site,Macro,2025-06-01 00:00:00,,,Bronze,Nokia,
616,0016AL,Initial,8102AL,MIAMI BSC,SIDIBISHR,MIAMI01,C1_0016AL_PH00,Alex,Alex,GLEEM,Shelter Site,Macro,2025-06-01 00:00:00,,,Bronze,Nokia,
617,0403AL,Initial,,,HADRA-DOWN-TWN,ASBSCALS02,C11_0403AL_PH09,Alex,Alex,SEMOUHA,Outdoor Site,Macro,2025-07-06 00:00:00,,,Bronze,Nokia,
618,0404AL,Initial,,,LAMBROZO,ASBSCALS02,C6_0404AL_PH09,Alex,Alex,SEMOUHA,Outdoor Site,Macro,2025-07-07 00:00:00,,,Bronze,Nokia,
619,0006AL,Initial,8054AL,MANSHIA BSC,MANSHIA,MANSHIA01,C1_0006AL_PH00,Alex,Alex,SEMOUHA,Shelter Site,Macro,2025-06-01 00:00:00,,,Bronze,Nokia,
620,3300AL,Initial,,,GREEK-CLUB,ASBSCALS01,C2_3300AL_PH24,Alex,Alex,SEMOUHA,Outdoor Site,Macro,2025-07-06 00:00:00,,,Bronze,Nokia,
621,3326AL,Initial,,,NEW-SAWARY,SEMOUHA02,C1_3326AL_PH24,Alex,Alex,SEMOUHA,Outdoor Site,Macro,2025-07-20 00:00:00,,,Bronze,Nokia,
622,3139AL,Initial,,,FLEMMING-5,ASBSCALS02,C1_3139AL_PH22,Alex,Alex,GLEEM,Outdoor Site,Macro,2025-08-03 00:00:00,,,Bronze,Nokia,
623,0910AL,Initial,,,GOMROK-4,ASBSCALS01,C7_0910AL_PH17,Alex,Alex,SEMOUHA,Outdoor Site,Macro,2025-08-13 00:00:00,,,Bronze,Nokia,
624,0889AL,Initial,,,FAISAL-HSNG-2,ASBSCALW01,C3_0889AL_PH17,Alex,Alex,GLEEM,Outdoor Site,Macro,2025-08-13 00:00:00,,,Bronze,Nokia,
625,2019AL,Initial,,,M-ORABI,MANSHIA01,C1_2019AL_PH03,Alex,Alex,SEMOUHA,Micro Site,Micro,2025-06-01 00:00:00,,,Bronze,Nokia,
626,3183AL,Initial,,,MAMOURA-CTR,ASBSCALW01,C1_3183AL_PH23,Alex,Alex,GLEEM,Outdoor Site,Macro,2025-08-24 00:00:00,,,Bronze,Nokia,
627,3484AL,Initial,,,MANDARA-5,ASBSCALW01,C1_3484AL_PH26,Alex,Alex,GLEEM,Outdoor Site,Macro,2025-08-24 00:00:00,,,Bronze,Nokia,
628,0660AL,Initial,,,WARDIAN-CTR,ASBSCALS01,C6_0660AL_PH13,Alex,Alex,SEMOUHA,Outdoor Site,Macro,2025-09-18 00:00:00,,,Bronze,Nokia,
629,3600AL,Initial,,,PALMHILLS-AL,ASBSCALS02,C1_3600AL_PH28,Alex,Alex,SEMOUHA,Outdoor Site,Macro,2025-09-18 00:00:00,,,Bronze,Nokia,
630,0793AL,Initial,,,BKUP-ASFRA-EST,ASBSCALW01,C3_0793AL_PH15,Alex,Alex,GLEEM,Outdoor Site,Macro,2025-09-23 00:00:00,,,Bronze,Nokia,
631,3467AL,Initial,,,BAKOS-BALAD-4,ASBSCALW01,C1_3467AL_PH26_0,Alex,Alex,GLEEM,Outdoor Site,Macro,2025-09-25 00:00:00,,,Bronze,Nokia,
632,3559AL,Initial,,,ABIS8-VLG,ASBSCALW01,C1_3559AL_PH27,Alex,Alex,SEMOUHA,Outdoor Site,Macro,2025-09-30 00:00:00,,,Bronze,Nokia,
633,3234AL,Initial,,,MOHARAM-BEK-7,ASBSCALS01,C2_3234AL_PH24,Alex,Alex,SEMOUHA,Outdoor Site,Macro,2025-09-30 00:00:00,,,Bronze,Nokia,
634,3490AL,Initial,,,TOUSON-4,ASBSCALW01,C2_3490AL_PH26,Alex,Alex,GLEEM,Outdoor Site,Macro,2025-10-15 00:00:00,,,Bronze,Nokia,
635,0794AL,Initial,,,LORAN-3,ASBSCALW01,C4_0794AL_PH15,Alex,Alex,GLEEM,Outdoor Site,Macro,2025-10-16 00:00:00,,,Bronze,Nokia,
636,3597AL,Initial,,,BAB-AKHDAR-2,ASBSCALS01,C1_3597AL_PH28,Alex,Alex,SEMOUHA,Outdoor Site,Macro,2025-10-16 00:00:00,,,Bronze,Nokia,
637,2626AL,Initial,,,M-BAWALENO ,SEMOUHA02,C1_2626AL_PH14,Alex,Alex,SEMOUHA,Micro Site,Micro,2025-06-01 00:00:00,,,Bronze,Nokia,
638,2597AL,Initial,,,M-BAKOUS-1,ASBSCALS02,C7_2597AL_PH13,Alex,Alex,GLEEM,Micro Site,Micro,2025-11-23 00:00:00,,,Bronze,Nokia,
639,3312AL,Initial,,,MIAMI-ALEX,ASBSCALS02,C2_3312AL_PH24,Alex,Alex,GLEEM,Outdoor Site,Macro,2025-11-24 00:00:00,,,Bronze,Nokia,
640,1267AL,Initial,,,I-MLTRY-HSPTL,ASBSCALS02,C1_1267AL_PH27_0,Alex,Alex,GLEEM,Micro Site,Micro,2025-12-24 00:00:00,,,Bronze,Nokia,
641,2A81AL,Initial,,,M-PS-ST5,ASBSCALS02,C1_2A81AL_PH28_0,Alex,Alex,GLEEM,Micro Site,Micro,2025-12-24 00:00:00,,,Bronze,Nokia,
642,1277AL,Initial,,,I-DSGNIA-GRMT,ASBSCALS02,C1_1277AL_PH28_0,Alex,Alex,SEMOUHA,Micro Site,Micro,2026-01-05 00:00:00,,,Bronze,Nokia,
643,3194AL,Initial,,,INT-RD-6,ASBSCALS02,C1_3194AL_PH23_0,Alex,Alex,GLEEM,Outdoor Site,Macro,2026-01-12 00:00:00,,,Bronze,Nokia,
644,2A80AL,Initial,,,M-GMRK-CRNSH,ASBSCALS02,C1_2A80AL_PH28_0,Alex,Alex,SEMOUHA,Outdoor Site,Macro,2026-03-18 00:00:00,,,Bronze,Nokia,
645,2959AL,Initial,,,M-IBN-WALID4,ASBSCALS02,C2_2959AL_PH18_0,Alex,Alex,GLEEM,Outdoor Site,Macro,2026-03-18 00:00:00,,,Bronze,Nokia,
646,0427AL,Initial,,,TAMIR-AXIS,AMERYA-HUA,C3_0427AL_PH09,Alex,Alex,SEMOUHA,Outdoor Site,Macro,2007-10-25 00:00:00,,,Bronze,Nokia,
647,2A24AL,Initial,,,M-ASAFRA-9,ASBSCALS02,C1_2A24AL_PH19,Alex,Alex,GLEEM,Micro,Micro,2026-04-01 00:00:00,,,Bronze,Nokia,
648,1279AL,Initial,,,I-SACO,ASBSCALS02,C1_1279AL_PH28,Alex,Alex,SEMOUHA,Micro,Micro,2026-04-01 00:00:00,,,Bronze,Nokia,
649,1269AL,Initial,,,I-ELITE,ASBSCALS02,C1_1269AL_PH28,Alex,Alex,SEMOUHA,Micro,Micro,2026-04-08 00:00:00,,,Bronze,Nokia,
650,3121AL,Initial,,,ASMEDA-2,ASBSCALS02,C1_3121AL_PH22,Alex,Alex,GLEEM,Outdoor Site,Macro,2026-04-23 00:00:00,,,Golden,Nokia,
651,1254AL,Initial,,,I-ALMOTAHEDA,ASBSCALS02,C1_1254AL_PH26,Alex,Alex,SEMOUHA,Micro,Micro,2026-04-23 00:00:00,,,Silver,Nokia,
652,3636AL,Initial,,,NAVAL-CLG,ASBSCALW01,C1_3636AL_PH28,Alex,Alex,GLEEM,Outdoor Site,Macro,2026-04-28 00:00:00,,,Bronze,Nokia,
